X,Y,objectid,ogc_fid,nazev,druh,poznamka,web,program,ulice,cp_co,email,telefon,nazev_en,poznamka_en,pristupnost_id,zastit_org,brnopass,v_provozu,zastit_org_en,otevrene_od,otevrene_do,pristupnost,pristupnost_en,mapa_pristupnosti,obr_id1,obr_id2,obr_id3,obr_id4,obr_id5,datum_importu_psql
-598338.809999999,-1161010.1,1,35144,První patro,Hudebni klub,,https://patrobrno.cz/,,Šilingrovo nám.,7,kontakt@patrobrno.cz,+420 732 565 202,,,,,,Ano,,,,,,,,,,,,2024/09/24 01:30:43+00
-598324.820799999,-1160597.5215,2,17664,Galerie ARS,Galerie,,https://www.artmap.cz/galerie-ars/,,Veselá,238/39,info@galerie-ars.cz,542218291,,,,,Ne,Ano,,,,,,,https://gis.brno.cz/ost/filebox/ug_file.php?FILE_ID=180713&RECORD_ID=17664&AGENDA_IDENT=GEO_ASSETS,,,,,2024/09/24 01:30:43+00
-597552.390000001,-1159471.61,3,35146,Arnoldova vila,Kulturní památka,,https://www.muzeumbrna.cz/arnoldova-vila/t1515,,Drobného,299/26,arnoldovavila@muzeumbrna.cz,+420 515 511 070,,,,Muzeum města Brna,,Ano,,,,,,,,,,,,2024/09/24 01:30:43+00
-598314.32,-1159302.44,4,17641,ArtBar Druhý Pád,Hudebni klub,,https://www.druhypad.cz,https://www.druhypad.cz/program/?month=03&year=2020,Štefánikova,836/1,produkce@druhypad.cz,606126866,ArtBar Second Fall,,,,Ne,Ano,,,,,,,https://gis.brno.cz/ost/filebox/ug_file.php?FILE_ID=180659&RECORD_ID=17641&AGENDA_IDENT=GEO_ASSETS,,,,,2024/09/24 01:30:43+00
-598475.670000002,-1160253.41,5,35156,Art Gallery Brno,Galerie,,https://www.artgallerybrno.cz/,,Veveří ,455/8,info@artgb.cz,+ 420 722 988 700,,,,,,Ano,,,,,,,,,,,,2024/09/24 01:30:43+00
-596947.405499998,-1162095.7878,6,17521,Artikle,Galerie,,https://www.artikle.cz,http://artikle.cz/cs/aktuality/,Masná,27/9,artikle@artikle.cz,739675050,,,,,Ne,Ano,,,,,,,https://gis.brno.cz/ost/filebox/ug_file.php?FILE_ID=180660&RECORD_ID=17521&AGENDA_IDENT=GEO_ASSETS,,,,,2024/09/24 01:30:43+00
-597995.489999998,-1160861.09,7,17614,Art klub u tří knížat,Podnik s kulturním programem,,https://www.artklub.cz,,Jánská,449/12,artklubbrno@gmail.com,602968337,Art club with three princes,,,,Ne,Ano,,,,,,,https://gis.brno.cz/ost/filebox/ug_file.php?FILE_ID=180661&RECORD_ID=17614&AGENDA_IDENT=GEO_ASSETS,,,,,2024/09/24 01:30:43+00
-598428.010000002,-1160599.96,8,17625,Besední dům,Koncertní hala,,https://www.filharmonie-brno.cz,https://filharmonie-brno.cz/kompletni-program/,Komenského náměstí,534/8,info@filharmonie-brno.cz,539092801,Besední House,,1,,Ano,Ano,,,,přístupné,accessible,https://gis.brno.cz/mapa/mapa-pristupnosti/?i=-598430.63:-1160617.32&c=-598430.63:-1160617.32,https://gis.brno.cz/ost/filebox/ug_file.php?FILE_ID=180657&RECORD_ID=17625&AGENDA_IDENT=GEO_ASSETS,,,,,2024/09/24 01:30:43+00
-598139.579999998,-1161148.81,9,17543,Biskupský dvůr,Muzeum,,,https://www.mdb.cz/program/biskupsky-dvur/2020-10,Muzejní,298/1,mzm@mzm.cz,533435282,"Bishop’s Courtyard, Moravian Museum",,2,Moravské zemské muzeum,Ano,Ano,,,,přístupné s asistencí,accessible with assistance,https://gis.brno.cz/mapa/mapa-pristupnosti/?i=-598182.61:-1161187.56&c=-598182.61:-1161187.56,https://gis.brno.cz/ost/filebox/ug_file.php?FILE_ID=180655&RECORD_ID=17543&AGENDA_IDENT=GEO_ASSETS,,,,,2024/09/24 01:30:43+00
-593218.949999999,-1162633.66,10,17607,Botanické oddělení,Muzeum,,https://www.mzm.cz/botanicke-oddeleni/,http://www.mzm.cz/kalendar/,Hviezdoslavova,1183/29,botanika@mzm.cz,515910452,"Botanical department, Moravian Museum",,,Moravské zemské muzeum,Ne,Ano,,,,,,,https://gis.brno.cz/ost/filebox/ug_file.php?FILE_ID=180666&RECORD_ID=17607&AGENDA_IDENT=GEO_ASSETS,,,,,2024/09/24 01:30:43+00
-598036.729499999,-1160578.0434,11,17673,Brain Farm,Hub,,http://www.coworkingbrno.cz/,,Jezuitská,6/1,info@brainfarm.cz,608828666,,,,,Ne,Ano,,,,,,,https://gis.brno.cz/ost/filebox/ug_file.php?FILE_ID=180668&RECORD_ID=17673&AGENDA_IDENT=GEO_ASSETS,,,,,2024/09/24 01:30:43+00
-597302.642700002,-1160491.7276,12,17650,Branta Workspace,Hub,,https://www.branta.cz/,,Cejl,509/41,brantabrno@gmail.com,604868249,,,,,Ne,Ano,,,,,,,https://gis.brno.cz/ost/filebox/ug_file.php?FILE_ID=180670&RECORD_ID=17650&AGENDA_IDENT=GEO_ASSETS,,,,,2024/09/24 01:30:43+00
-599015.219999999,-1159661.47,13,35151,Brusinka - Multikulturní centrum,Kulturní centrum,,https://www.brusinkabrno.cz/,,Konečného nám.,1019/2a,info@brusinkabrno.cz,+420 728 787 727,,,,,,Ano,,,,,,,,,,,,2024/09/24 01:30:43+00
-600116.3499,-1161370.3009,14,17678,BVV,Divadlo,dočasně zavřeno kvůli rekonstrukci Janáčkova divadla,https://www.ndbrno.cz,http://www.ndbrno.cz/program,Výstaviště,405/1,obchodni@ndbrno.cz,542158111,,,,Národní­ divadlo Brno,Ne,Ano,,,,,,,https://gis.brno.cz/ost/filebox/ug_file.php?FILE_ID=180672&RECORD_ID=17678&AGENDA_IDENT=GEO_ASSETS,,,,,2024/09/24 01:30:43+00
-597052.23,-1160355.71,15,21422,Bývalá Káznice na Cejlu,Ostatní,"Rozsáhlá, původně čtyřkřídlá stavba je už dlouho pohlcená okolní zástavbou, ale v době vzniku stála v místech, kde končily poslední domy na předměstí. Její historie sahá do roku 1770, kdy byla dvorským dekretem zřízena káznice pro celou Moravu. Základní kámen byl položen o dva roky později. V roce 1778 se sem ovšem místo trestanců nastěhovalo 147 sirotků z brněnské jezuitské koleje. V roce 1784 císař Josef II. sirotčinec zrušil, areál se vrátil k původně zamýšlené funkci a během následujících desetiletí sem byli přemístěni trestanci ze Špilberku. Nejtemnější období přišlo s obdobím protektorátu a poté po roce 1948, kdy zde bylo internováno, a také popraveno, velké množství politických vězňů.

V současné době probíhají snahy o oživení celého komplexu. TIC BRNO v něm pořádá tematické prohlídky a prostory bývají pronajímány k jednorázovým kulturním akcím, např. k výstavám, workshopům, divadelním představením, koncertům apod. Brněnská filmová kancelář bývalou káznici také nabízí jako zajímavou filmovou lokaci.",https://ticbrno.cz/byvala-kaznice-na-cejlu ,https://www.gotobrno.cz/akce/kaznice-zije/,Bratislavská,68,,,Former Prison on Cejl,"The large, originally four-winged building has long been absorbed by the surrounding buildings, but at the time of its construction it stood where the last houses in the suburb ended. Its history dates back to 1770, when a court decree established a penitentiary for the whole of Moravia. The foundation stone was laid two years later. In 1778, however, 147 orphans from the Jesuit college in Brno moved in instead of convicts. In 1784, the orphanage was abolished by Emperor Joseph II, the premises were returned to their original function, and in the following decades the convicts from Špilberk were moved here. The darkest period came with the Protectorate and then after 1948, when a large number of political prisoners were interned here and executed.  At present, efforts are underway to revive the entire complex. TIC BRNO organises thematic tours and the premises are rented for one-off cultural events, e.g. exhibitions, workshops, theatre performances, concerts, etc. The Brno Film Office also offers the former penitentiary as an interesting film location.",,,Ne,Ano,,,,,,,https://gis.brno.cz/ost/filebox/ug_file.php?FILE_ID=189872&RECORD_ID=21422&AGENDA_IDENT=GEO_ASSETS,,,,,2024/09/24 01:30:43+00
-598299.375799999,-1160825.2926,16,17558,Cabaret des Péchés,Hudebni klub,,https://www.cabaretdespeches.com/,https://www.cabaretdespeches.com/program-burleska-burlesque-show-koncert-stand-up/,Dominikánské náměstí,0/2,info@cabaretdespeches.com,774497277,,,,,Ne,Ano,,,,,,,https://gis.brno.cz/ost/filebox/ug_file.php?FILE_ID=180674&RECORD_ID=17558&AGENDA_IDENT=GEO_ASSETS,,,,,2024/09/24 01:30:43+00
-597703.449999999,-1161679.57,17,19933,Café Práh,Podnik s kulturním programem,Bezbariérový prostor,https://www.cafeprah.cz,https://www.cafeprah.cz/kalendar-verejny-vypis/,Ve Vaňkovce,1,kavarna@prah-brno.cz,+420 734 850 549,Threshold Café,,,,,Ano,,,,,,,https://gis.brno.cz/ost/filebox/ug_file.php?FILE_ID=189551&RECORD_ID=19933&AGENDA_IDENT=GEO_ASSETS,,,,,2024/09/24 01:30:43+00
-597029.268399999,-1167251.5914,18,17692,Cinema City - OC Olympia,Kino,,https://www.cinemacity.cz,https://www.cinemacity.cz/cinemas/olympia/1034#/buy-tickets-by-cinema?in-cinema=1034&view-mode=list,U Dálnice,0/777,info@cinemacity.cz,255742021,,,,Cinema City,Ne,Ano,,,,,,,https://gis.brno.cz/ost/filebox/ug_file.php?FILE_ID=180677&RECORD_ID=17692&AGENDA_IDENT=GEO_ASSETS,,,,,2024/09/24 01:30:43+00
-598259.449999999,-1160950.61,19,17523,Cinema City - OC Velký Špalíček,Kino,,https://www.cinemacity.cz/velkyspalicek,https://www.cinemacity.cz/cinemas/velkyspalicek/1035#/buy-tickets-by-cinema?in-cinema=1035&view-mode=list,Mečová,695/2,info@cinemacity.cz,255742021,Multiplex Cinema City Velký Špalíček,,16,Cinema City,Ne,Ano,,,,přístupné,accessible,https://gis.brno.cz/mapa/mapa-pristupnosti/?i=-598236.47:-1160968.83&c=-598236.47:-1160968.83,https://gis.brno.cz/ost/filebox/ug_file.php?FILE_ID=180612&RECORD_ID=17523&AGENDA_IDENT=GEO_ASSETS,,,,,2024/09/24 01:30:43+00
-597598.963100001,-1161430.7072,20,17670,Clubco,Hub,,https://clubco.cz/,,Dornych,40/27,klara.sikulova@ctp.eu,702150276,,,,,Ne,Ano,,,,,,,https://gis.brno.cz/ost/filebox/ug_file.php?FILE_ID=180678&RECORD_ID=17670&AGENDA_IDENT=GEO_ASSETS,,,,,2024/09/24 01:30:43+00
-598628.68,-1159758.95,21,17476,CO.LABS,Kulturní centrum,,http://www.colabs.cz/homepage/,http://www.colabs.cz/program/,Kounicova,685/20,vstupenky@colabs.cz,+420 608 611 060,,,,,Ne,Ano,,,,,,,https://gis.brno.cz/ost/filebox/ug_file.php?FILE_ID=180671&RECORD_ID=17476&AGENDA_IDENT=GEO_ASSETS,,,,,2024/09/24 01:30:43+00
-598151.026299998,-1160513.2977,22,17672,COWO Brno,Hub,,https://www.cowobrno.cz/,,Moravské náměstí,629/4,ahoj@cowobrno.cz,603430282,,,,,Ne,Ano,,,,,,,https://gis.brno.cz/ost/filebox/ug_file.php?FILE_ID=180680&RECORD_ID=17672&AGENDA_IDENT=GEO_ASSETS,,,,,2024/09/24 01:30:43+00
-598471.48,-1160453.61,23,17623,Červený kostel,Koncertní hala,,https://www.brno1.evangnet.cz,,Komenského náměstí,0/2,brno1@evangnet.cz,0,"Evangelical Church of J. A. Komenský, Red Church",,88,,Ne,Ano,,,,nepřístupné,inaccessible,https://gis.brno.cz/mapa/mapa-pristupnosti/?i=-598473.27:-1160437.89&c=-598473.27:-1160437.89,https://gis.brno.cz/ost/filebox/ug_file.php?FILE_ID=180686&RECORD_ID=17623&AGENDA_IDENT=GEO_ASSETS,,,,,2024/09/24 01:30:43+00
-599080.057599999,-1160804.0412,24,17655,Deja*Vu Oldies,Hudebni klub,,https://www.dejavubrno.cz,,Úvoz,491/26,cebakova@seznam.cz,605938535,,,,,Ne,Ano,,,,,,,https://gis.brno.cz/ost/filebox/ug_file.php?FILE_ID=180687&RECORD_ID=17655&AGENDA_IDENT=GEO_ASSETS,,,,,2024/09/24 01:30:43+00
-595077.440000001,-1160985.38,25,35149,Dělnický dům Židenice,Kulturní centrum,,www.delnickydumbrno.cz,,Jamborova,3323/65,delnickydum@seznam.cz,"+420 548 216 927, +420 777 758 220",,,,,,Ano,,,,,,,,,,,,2024/09/24 01:30:43+00
-597822.522300001,-1160583.2941,26,17569,Desert,Hudebni klub,,,https://www.facebook.com/desertbrno/events/?ref=page_internal,Rooseveltova,591/11,dodesertu@seznam.cz,777631451,,,,,Ne,Ano,,,,,,,https://gis.brno.cz/ost/filebox/ug_file.php?FILE_ID=180690&RECORD_ID=17569&AGENDA_IDENT=GEO_ASSETS,,,,,2024/09/24 01:30:43+00
-598253.739999998,-1161163.05,27,17554,Diecézní muzeum,Muzeum,,https://www.dieceznimuzeum.cz,https://www.dieceznimuzeum.cz/index.php?page=aktualne,Petrov,275/1,muzeum@biskupstvi.cz,533033278,Petrov Museum,,3,,Ano,Ano,,,,přístupné s asistencí,accessible with assistance,https://gis.brno.cz/mapa/mapa-pristupnosti/?i=-598249.11:-1161158.19&c=-598249.11:-1161158.19,https://gis.brno.cz/ost/filebox/ug_file.php?FILE_ID=180654&RECORD_ID=17554&AGENDA_IDENT=GEO_ASSETS,,,,,2024/09/24 01:30:43+00
-598177.710000001,-1161102.71,28,17694,Dietrichsteinský palác,Kulturní památka,,https://www.mzm.cz/dietrichsteinsky-palac/,http://www.mzm.cz/kalendar/,Zelný trh,295/8,mzm@mzm.cz,533435220,Dietrichstein Palace,,4,Moravské zemské muzeum,Ano,Ano,,,,přístupné s asistencí,accessible with assistance,https://gis.brno.cz/mapa/mapa-pristupnosti/?i=-598171:-1161106.01&c=-598171:-1161106.01,https://gis.brno.cz/ost/filebox/ug_file.php?FILE_ID=180645&RECORD_ID=17694&AGENDA_IDENT=GEO_ASSETS,,,,,2024/09/24 01:30:43+00
-599497.440000001,-1158931.56,29,17665,Divadelní studio V,Divadlo,,https://www.divadlov.cz,https://divadlov.cz/program/,Veveří,944/133,studio@divadlov.cz,739649492,Theater studio V,,,,Ne,Ano,,,,,,,https://gis.brno.cz/ost/filebox/ug_file.php?FILE_ID=180691&RECORD_ID=17665&AGENDA_IDENT=GEO_ASSETS,,,,,2024/09/24 01:30:43+00
-599051.27,-1157719.26,30,17638,Divadlo Barka - otevřený kulturní prostor ligy vozíčkářů,Divadlo,,https://www.divadlobarka.cz,http://divadlobarka.cz/program/,Svatopluka Čecha,1405/35,barka@ligavozic.cz,541213206,Barrier-free Theatre Barka,,28,,Ne,Ano,,,,přístupné s asistencí,accessible with assistance,https://gis.brno.cz/mapa/mapa-pristupnosti/?i=-599052.91:-1157700.99&c=-599052.91:-1157700.99,https://gis.brno.cz/ost/filebox/ug_file.php?FILE_ID=180503&RECORD_ID=17638&AGENDA_IDENT=GEO_ASSETS,,,,,2024/09/24 01:30:43+00
-598112.559999999,-1160528.52,31,17610,Divadlo Bolka Polívky,Divadlo,,https://www.divadlobolkapolivky.cz,https://divadlobolkapolivky.cz/program/,Jakubské náměstí,127/5,divadlo@bolek.cz,542214903,Bolek Polivka Theatre,,5,,Ne,Ano,,,,nepřístupné,inaccessible,https://gis.brno.cz/mapa/mapa-pristupnosti/?i=-598113.45:-1160556.1&c=-598113.45:-1160556.1,https://gis.brno.cz/ost/filebox/ug_file.php?FILE_ID=180609&RECORD_ID=17610&AGENDA_IDENT=GEO_ASSETS,,,,,2024/09/24 01:30:43+00
-598207.640000001,-1161102.23,32,17690,Divadlo Husa na Provázku,Divadlo,,https://www.provazek.cz,https://www.provazek.cz/cs/program,Zelný trh,294/9,provazek@provazek.cz,542123411,Goose on a String Theatre,,6,Centrum experimentální­ho divadla,Ne,Ano,,,,přístupné s asistencí,accessible with assistance,https://gis.brno.cz/mapa/mapa-pristupnosti/?i=-598210.98:-1161100.19&c=-598210.98:-1161100.19,https://gis.brno.cz/ost/filebox/ug_file.php?FILE_ID=180650&RECORD_ID=17690&AGENDA_IDENT=GEO_ASSETS,,,,,2024/09/24 01:30:43+00
-598267.890000001,-1158970.75,33,17633,Divadlo Koráb,Divadlo,,https://www.korab.cz,https://www.korab.cz/stala-scena-program-1,Staňkova,324/29,korab@korab.cz,773522123,Corab theatre,,,,Ne,Ano,,,,,,,https://gis.brno.cz/ost/filebox/ug_file.php?FILE_ID=180692&RECORD_ID=17633&AGENDA_IDENT=GEO_ASSETS,,,,,2024/09/24 01:30:43+00
-591534.800000001,-1160187.59,34,17528,Divadlo Líšeň,Divadlo,,https://www.divadlolisen.cz,https://www.divadlolisen.cz/kalendar/,Ondráčkova,226/20,irena@divadlolisen.cz,728818034,Líšeň Theatre,,,,Ne,Ano,,,,,,,https://gis.brno.cz/ost/filebox/ug_file.php?FILE_ID=180693&RECORD_ID=17528&AGENDA_IDENT=GEO_ASSETS,,,,,2024/09/24 01:30:43+00
-597869.190000001,-1160902.85,35,17547,Divadlo na Orlí,Divadlo,,https://www.divadlonaorli.jamu.cz,http://divadlonaorli.jamu.cz/index.php?p=program,Orlí,710/19,dno@jamu.cz,542591800,Na Orlí Theatre,,285,,Ne,Ano,,,,přístupné,accessible,https://gis.brno.cz/mapa/mapa-pristupnosti/?i=-597866.46:-1160889.89&c=-597866.46:-1160889.89,https://gis.brno.cz/ost/filebox/ug_file.php?FILE_ID=180643&RECORD_ID=17547&AGENDA_IDENT=GEO_ASSETS,,,,,2024/09/24 01:30:43+00
-598749.890000001,-1159242.45,36,17647,Divadlo Polárka,Divadlo,,https://www.divadlopolarka.cz,https://divadlopolarka.cz/program/,Tučkova,922/34,pelcova@divadlopolarka.cz,724042852,Polárka Theatre,,,,Ne,Ano,,,,,,,https://gis.brno.cz/ost/filebox/ug_file.php?FILE_ID=180695&RECORD_ID=17647&AGENDA_IDENT=GEO_ASSETS,,,,,2024/09/24 01:30:43+00
-597405.84,-1160424.4,37,17577,Divadlo Radost,Divadlo,,https://www.divadlo-radost.cz,https://divadlo-radost.cz/program,Bratislavská,216/32,divadlo@divadlo-radost.cz,533440020,Radost Theatre,,29,,Ne,Ano,,,,přístupné,accessible,https://gis.brno.cz/mapa/mapa-pristupnosti/?i=-597394.3:-1160417.38&c=-597394.3:-1160417.38,https://gis.brno.cz/ost/filebox/ug_file.php?FILE_ID=180636&RECORD_ID=17577&AGENDA_IDENT=GEO_ASSETS,,,,,2024/09/24 01:30:43+00
-598709.9901,-1161777.3902,38,17486,DRFG Arena,Koncertní hala,,https://www.drfgarena.cz,http://drfgarena.cz/kalendar-akci/,Křídlovická,911/34,s.homolova@kometagroup.cz,730832195,,,,,Ne,Ano,,,,,,,https://gis.brno.cz/ost/filebox/ug_file.php?FILE_ID=180699&RECORD_ID=17486&AGENDA_IDENT=GEO_ASSETS,,,,,2024/09/24 01:30:43+00
-599255.079999998,-1156184.97,39,17603,Dům Jiřího Gruši,Muzeum,,https://www.mzm.cz/dum-jiriho-grusi/,,Hudcova,321/76,mzm@mzm.cz,515910422,House of Jiří Gruša,,,Moravské zemské muzeum,Ne,Ano,,,,,,,https://gis.brno.cz/ost/filebox/ug_file.php?FILE_ID=180700&RECORD_ID=17603&AGENDA_IDENT=GEO_ASSETS,,,,,2024/09/24 01:30:43+00
-598296.129999999,-1160954.13,40,17590,Dům pánů z Kunštátu,Galerie,,https://www.dum-umeni.cz,http://www.dum-umeni.cz/cz/doprovodny-program,Dominikánská,348/9,info@dum-umeni.cz,731656863,The House of the Lords of Kunstat,,9,Dům umění­ města Brna,Ne,Ano,,,,přístupné s asistencí,accessible with assistance,https://gis.brno.cz/mapa/mapa-pristupnosti/?i=-598289.73:-1160948.39&c=-598289.73:-1160948.39,https://gis.brno.cz/ost/filebox/ug_file.php?FILE_ID=180607&RECORD_ID=17590&AGENDA_IDENT=GEO_ASSETS,,,,,2024/09/24 01:30:43+00
-597667.350000001,-1160672.16,41,17514,Dům umění města Brna,Galerie,,https://www.dum-umeni.cz,http://www.dum-umeni.cz/cz/doprovodny-program/aktualni,Malinovského náměstí,652/2,info@dum-umeni.cz,515917572,The Brno House of Arts,,10,Dům umění­ města Brna,Ne,Ano,,,,přístupné,accessible,https://gis.brno.cz/mapa/mapa-pristupnosti/?i=-597665.27:-1160672.14&c=-597665.27:-1160672.14,https://gis.brno.cz/ost/filebox/ug_file.php?FILE_ID=180499&RECORD_ID=17514&AGENDA_IDENT=GEO_ASSETS,,,,,2024/09/24 01:30:43+00
-598287.906599998,-1160686.4615,42,17674,EDUnesto,Hub,,https://www.edunesto.com/,,Veselá,164/14,info@internesto.com,737130131,,,,,Ne,Ano,,,,,,,https://gis.brno.cz/ost/filebox/ug_file.php?FILE_ID=180701&RECORD_ID=17674&AGENDA_IDENT=GEO_ASSETS,,,,,2024/09/24 01:30:43+00
-598158.199999999,-1160938.86,43,17693,Ernův sál,Divadlo,,https://ticbrno.cz/pronajmy/ernuv-sal,,Radnická,365/2,pokorna@ticbrno.cz,542427175,Ern's Hall,,,TIC,Ne,Ano,,,,,,,https://gis.brno.cz/ost/filebox/ug_file.php?FILE_ID=180703&RECORD_ID=17693&AGENDA_IDENT=GEO_ASSETS,,,,,2024/09/24 01:30:43+00
-598739.245499998,-1160010.2243,44,17599,Etcetera Gallery,Galerie,,https://www.etcetera-auctions.com,http://etcetera-auctions.com/galerie/,Grohova,101/2,info@etcetera-auctions.com,773511799,,,,,Ne,Ano,,,,,,,https://gis.brno.cz/ost/filebox/ug_file.php?FILE_ID=180704&RECORD_ID=17599&AGENDA_IDENT=GEO_ASSETS,,,,,2024/09/24 01:30:43+00
-598161.630899999,-1160854.6663,45,17681,EXIT Club Brno,Hudebni klub,,http://www.exitclubbrno.cz/,http://www.exitclubbrno.cz/program,Náměstí Svobody,86/17,exitclubbrno@gmail.com,0,,,,,Ne,Ano,,,,,,,https://gis.brno.cz/ost/filebox/ug_file.php?FILE_ID=180705&RECORD_ID=17681&AGENDA_IDENT=GEO_ASSETS,,,,,2024/09/24 01:30:43+00
-598036.73,-1160578.04,46,17616,Expediční klubovna,Podnik s kulturním programem,,https://www.expedicniklubovna.cz,https://www.facebook.com/expeditionclubbrno/events/?ref=page_internal,Jezuitská,6/1,klubovna@expedicniklubovna.cz,777338549,Expedition clubhouse,,,,Ne,Ano,,,,,,,https://gis.brno.cz/ost/filebox/ug_file.php?FILE_ID=180707&RECORD_ID=17616&AGENDA_IDENT=GEO_ASSETS,,,,,2024/09/24 01:30:43+00
-597664.210000001,-1161692.75,47,17659,Fait Gallery,Galerie,,https://www.faitgallery.com,https://www.faitgallery.com/soucasne-a-planovane.html,Ve Vaňkovce,465/2,fg@faitgallery.com,601327215,Fait Gallery,,25,,Ne,Ano,,,,přístupné,accessible,https://gis.brno.cz/mapa/mapa-pristupnosti/?i=-597675.9:-1161694.76&c=-597675.9:-1161694.76,https://gis.brno.cz/ost/filebox/ug_file.php?FILE_ID=180648&RECORD_ID=17659&AGENDA_IDENT=GEO_ASSETS,,,,,2024/09/24 01:30:43+00
-600329.2119,-1161685.6671,48,17487,Faval music circus,Hudebni klub,,https://www.faval.cz,http://www.faval.cz/cz/program,Křížkovského,416/22,standa@faval.cz,775611639,,,,,Ne,Ano,,,,,,,https://gis.brno.cz/ost/filebox/ug_file.php?FILE_ID=180709&RECORD_ID=17487&AGENDA_IDENT=GEO_ASSETS,,,,,2024/09/24 01:30:43+00
-598277.1888,-1159074.6873,49,17643,Fléda,Hudebni klub,,https://www.fleda.cz,https://www.fleda.cz/program/,Štefánikova,95/24,info@fleda.cz,533433559,,,,,Ne,Ano,,,,,,,https://gis.brno.cz/ost/filebox/ug_file.php?FILE_ID=180711&RECORD_ID=17643&AGENDA_IDENT=GEO_ASSETS,,,,,2024/09/24 01:30:43+00
-598296.199999999,-1161025.12,50,17635,Galerie architektury Brno,Galerie,,https://www.galeriearchitektury.cz,https://galeriearchitektury.cz/tag/vystavy/,Starobrněnská,341/18,info@galeriearchitektury.cz,542211701,Gallery of Architecture Brno,,,,Ne,Ano,,,,,,,https://gis.brno.cz/ost/filebox/ug_file.php?FILE_ID=180712&RECORD_ID=17635&AGENDA_IDENT=GEO_ASSETS,,,,,2024/09/24 01:30:43+00
-598653.600000001,-1160528.44,51,17525,Galerie Aspekt,Galerie,,https://www.galerieaspekt.com,,Údolní,420/13,galerie@galerieaspekt.com,724535500,Aspect Gallery,,,,Ne,Ano,,,,,,,https://gis.brno.cz/ost/filebox/ug_file.php?FILE_ID=180765&RECORD_ID=17525&AGENDA_IDENT=GEO_ASSETS,,,,,2024/09/24 01:30:43+00
-598138.300000001,-1160108.21,52,17506,Galerie D,Galerie,,https://www.galerie-d.cz,http://www.galerie-d.cz/vernisaz.php,Lidická,694/7,art@galerie-d.cz,549257003,D Gallery,,,,Ne,Ano,,,,,,,https://gis.brno.cz/ost/filebox/ug_file.php?FILE_ID=180769&RECORD_ID=17506&AGENDA_IDENT=GEO_ASSETS,,,,,2024/09/24 01:30:43+00
-599255.399999999,-1160296.7,53,17652,Galerie FaVU,Galerie,,https://www.favu.vut.cz/galerie-favu,,Údolní,244/53,simkova@favu.vut.cz,541146850,FaVU Gallery,,,,Ne,Ano,,,,,,,https://gis.brno.cz/ost/filebox/ug_file.php?FILE_ID=180770&RECORD_ID=17652&AGENDA_IDENT=GEO_ASSETS,,,,,2024/09/24 01:30:43+00
-598296.129999999,-1160954.13,54,17517,Galerie G99,Galerie,,https://www.dum-umeni.cz,http://www.dum-umeni.cz/cz/doprovodny-program/aktualni,Dominikánská,348/9,info@dum-umeni.cz,542213883,G99 Gallery,,,Dům umění­ města Brna,Ne,Ano,,,,,,,https://gis.brno.cz/ost/filebox/ug_file.php?FILE_ID=180771&RECORD_ID=17517&AGENDA_IDENT=GEO_ASSETS,,,,,2024/09/24 01:30:43+00
-597332.739999998,-1160107.09,55,17596,Galerie Klubovna,Galerie,,https://www.galerieklubovna.cz,,Francouzská,364/33,galerie.klubovna@gmail.com,608614597,Gallery Clubhouse,,,,Ne,Ano,,,,,,,https://gis.brno.cz/ost/filebox/ug_file.php?FILE_ID=180772&RECORD_ID=17596&AGENDA_IDENT=GEO_ASSETS,,,,,2024/09/24 01:30:43+00
-599223.780000001,-1160211.26,56,17598,Galerie OFF/FORMAT,Galerie,,https://www.offformat.cz,https://www.offformat.cz/program/,Gorkého,84/41,gargulakova.magda@gmail.com,737969098,Ratolest OFF/FORMAT,,,,Ne,Ano,,,,,,,https://gis.brno.cz/ost/filebox/ug_file.php?FILE_ID=180775&RECORD_ID=17598&AGENDA_IDENT=GEO_ASSETS,,,,,2024/09/24 01:30:43+00
-598507.940000001,-1160551.18,57,17624,Galerie Pitevna,Galerie,,https://www.ped.muni.cz/kvv/cz/galerie/galerie-pitevna,https://www.facebook.com/galeriepitevna/events/?ref=page_internal,Komenského náměstí,220/2,galeriepitevna@gmail.com,0,Autopsy Gallery,,,,Ne,Ano,,,,,,,https://gis.brno.cz/ost/filebox/ug_file.php?FILE_ID=181017&RECORD_ID=17624&AGENDA_IDENT=GEO_ASSETS,,,,,2024/09/24 01:30:43+00
-599354.969999999,-1159037.21,58,17662,Galerie Platinium,Galerie,,https://www.galerieplatinium.cz,https://www.galerieplatinium.cz/category/aktualni-vystava/,Veveří,3163/111,gp@galerieplatinium.cz,603463748,Gallery Platinium,,,,Ne,Ano,,,,,,,https://gis.brno.cz/ost/filebox/ug_file.php?FILE_ID=181018&RECORD_ID=17662&AGENDA_IDENT=GEO_ASSETS,,,,,2024/09/24 01:30:43+00
-597956.98,-1160199.48,59,17646,Galerie Ratolest,Galerie,,https://www.galerieratolest.cz,,třída Kpt. Jaroše,2032/7,galerie@ratolest.cz,731500050,Ratolest Gallery,,,,Ne,Ano,,,,,,,https://gis.brno.cz/ost/filebox/ug_file.php?FILE_ID=181019&RECORD_ID=17646&AGENDA_IDENT=GEO_ASSETS,,,,,2024/09/24 01:30:43+00
,,60,35010,Galerie Sibiř,Galerie,,https://www.instagram.com/galerie.sibir/,https://www.facebook.com/pg/GalerieSibir/events/?ref=page_internal,Dukelská třída,123/50,galeriesibir@gmail.com,,Gallery Siberia,,,,,Ano,,,,,,,,,,,,2024/09/24 01:30:43+00
-599564.870000001,-1160163.47,61,17651,Galerie Sýpka,Galerie,,https://www.sypka.cz,https://www.sypka.cz/galerie-sypka-seznam-vystav,Údolní,151/70,aukce@sypka.cz,542210973,Granary Gallery,,,,Ne,Ano,,,,,,,https://gis.brno.cz/ost/filebox/ug_file.php?FILE_ID=181020&RECORD_ID=17651&AGENDA_IDENT=GEO_ASSETS,,,,,2024/09/24 01:30:43+00
-598150.649999999,-1160954.14,62,17564,Galerie TIC,Galerie,,https://galerie-tic.cz,https://galerie-tic.cz/cs/off-program,Radnická,366/4,galerie@ticbrno.cz,542427108,TIC Gallery,,,,Ne,Ano,,,,,,,https://gis.brno.cz/ost/filebox/ug_file.php?FILE_ID=181021&RECORD_ID=17564&AGENDA_IDENT=GEO_ASSETS,,,,,2024/09/24 01:30:43+00
-598150.649999999,-1160954.14,63,17565,Galerie TIC - Galerie kabinet,Galerie,,https://galerie-tic.cz,https://galerie-tic.cz/cs/off-program,Radnická,366/4,kupkova@ticbrno.cz,728368644,"The cabinet gallery,TIC Gallery",,,,Ne,Ano,,,,,,,https://gis.brno.cz/ost/filebox/ug_file.php?FILE_ID=181022&RECORD_ID=17565&AGENDA_IDENT=GEO_ASSETS,,,,,2024/09/24 01:30:43+00
-598150.649999999,-1160954.14,64,17561,Galerie TIC - Galerie KonText,Galerie,,https://galerie-tic.cz,https://galerie-tic.cz/cs/off-program,Radnická,366/4,galerie@ticbrno.cz,542427108,"KonText Gallery, TIC Gallery",,,,Ne,Ano,,,,,,,https://gis.brno.cz/ost/filebox/ug_file.php?FILE_ID=181023&RECORD_ID=17561&AGENDA_IDENT=GEO_ASSETS,,,,,2024/09/24 01:30:43+00
-598150.649999999,-1160954.14,65,17562,Galerie TIC - Galerie Mladých,Galerie,,https://galerie-tic.cz,https://galerie-tic.cz/cs/off-program,Radnická,366/4,janeckova@tic.cz,774687274,"Gallery of the Young, TIC Gallery",,,,Ne,Ano,,,,,,,https://gis.brno.cz/ost/filebox/ug_file.php?FILE_ID=181024&RECORD_ID=17562&AGENDA_IDENT=GEO_ASSETS,,,,,2024/09/24 01:30:43+00
-598150.649999999,-1160954.14,66,17560,Galerie TIC - Galerie U Dobrého pastýře,Galerie,,https://galerie-tic.cz,https://galerie-tic.cz/cs/off-program,Radnická,366/4,kupkova@ticbrno.cz,728368664,"At the Good Shepherd Gallery, TIC Gallery",,,,Ne,Ano,,,,,,,https://gis.brno.cz/ost/filebox/ug_file.php?FILE_ID=181025&RECORD_ID=17560&AGENDA_IDENT=GEO_ASSETS,,,,,2024/09/24 01:30:43+00
-597282.129999999,-1159253.04,67,17679,Galerie T23,Galerie,,,,Trávníky,1577/23,vladimirsikula@gmail.com,775633207,T23 Gallery,,,,Ne,Ano,,,,,,,https://gis.brno.cz/ost/filebox/ug_file.php?FILE_ID=181029&RECORD_ID=17679&AGENDA_IDENT=GEO_ASSETS,,,,,2024/09/24 01:30:43+00
-598119.050000001,-1159825.16,68,17496,Galerie Umakart,Galerie,,https://umakart.tumblr.com,,Lidická,1875/40,barboratrnkova@tomasjavurek.cz,0,Umakart Gallery,,,,Ne,Ano,,,,,,,https://gis.brno.cz/ost/filebox/ug_file.php?FILE_ID=181026&RECORD_ID=17496&AGENDA_IDENT=GEO_ASSETS,,,,,2024/09/24 01:30:43+00
-595543.329999998,-1158800.13,69,17656,Galerie Valchařská,Galerie,,https://www.galerievalcharska.cz,http://www.galerievalcharska.cz/vystavy,Valchařská,24/36,lukasbartl@seznam.cz,734333438,Valchařská Gallery,,,,Ne,Ano,,,,,,,https://gis.brno.cz/ost/filebox/ug_file.php?FILE_ID=181027&RECORD_ID=17656&AGENDA_IDENT=GEO_ASSETS,,,,,2024/09/24 01:30:43+00
-599255.399999999,-1160296.7,70,17653,Galerie 209,Galerie,,https://galerie209.wordpress.com,https://galerie209.wordpress.com/category/vystavy/,Údolní,244/53,galeriedvestedevet@gmail.com,732938783,209 Gallery,,,,Ne,Ano,,,,,,,https://gis.brno.cz/ost/filebox/ug_file.php?FILE_ID=181030&RECORD_ID=17653&AGENDA_IDENT=GEO_ASSETS,,,,,2024/09/24 01:30:43+00
-598142.197000001,-1160092.8958,71,17508,Galeryje 9,Galerie,,,,Lidická,695/9,galeryje9@gmail.com,737548968,,,,,Ne,Ano,,,,,,,https://gis.brno.cz/ost/filebox/ug_file.php?FILE_ID=181031&RECORD_ID=17508&AGENDA_IDENT=GEO_ASSETS,,,,,2024/09/24 01:30:43+00
-598008.73,-1160826.05,72,17557,HaDivadlo,Divadlo,,https://www.hadivadlo.cz,https://www.hadivadlo.cz/,Poštovská,455/8,pokladna@hadivadlo.cz,530330869,HaDivadlo theatre,,11,Centrum experimentální­ho divadla,Ano,Ano,,,,přístupné,accessible,https://gis.brno.cz/mapa/mapa-pristupnosti/?i=-598020.15:-1160829.08&c=-598020.15:-1160829.08,https://gis.brno.cz/ost/filebox/ug_file.php?FILE_ID=180628&RECORD_ID=17557&AGENDA_IDENT=GEO_ASSETS,,,,,2024/09/24 01:30:43+00
-598793.719999999,-1160717.23,73,17666,Hrad a pevnost Špilberk,Muzeum,,https://www.spilberk.cz,https://www.spilberk.cz/spilberk/vystavy/,Špilberk,210/1,muzeum.brno@spilberk.cz,542123611,Špilbek Castle,,12,Muzeum města Brna,Ano,Ano,,,,přístupné s asistencí,accessible with assistance,https://gis.brno.cz/mapa/mapa-pristupnosti/?i=-598807.03:-1160771.72&c=-598807.03:-1160771.72,https://gis.brno.cz/ost/filebox/ug_file.php?FILE_ID=180615&RECORD_ID=17666&AGENDA_IDENT=GEO_ASSETS,,,,,2024/09/24 01:30:43+00
-598423.059999999,-1160538.28,74,17627,Hudební fakulta JAMU v Brně,Koncertní hala,,https://hf.jamu.cz/umelecka-cinnost/koncerty.html,hf.jamu.cz/umelecka-cinnost/koncerty.html,Komenského náměstí,609/6,nesvadbova@jamu.cz,542591604,"Faculty of Music, JAMU in Brno",,,,Ne,Ano,,,,,,,https://gis.brno.cz/ost/filebox/ug_file.php?FILE_ID=181035&RECORD_ID=17627&AGENDA_IDENT=GEO_ASSETS,,,,,2024/09/24 01:30:43+00
-599802.579999998,-1159566.16,75,17478,Hvězdárna a planetárium Brno,Ostatní,,https://www.hvezdarna.cz,https://www.hvezdarna.cz/?page_id=2879,Kraví hora,522/2,e-mail@hvezdarna.cz,541321287,Brno Observatory and Planetarium,,283,,Ne,Ano,,,,přístupné,accessible,https://gis.brno.cz/mapa/mapa-pristupnosti/?i=-599809.52:-1159507.92&c=-599809.52:-1159507.92,https://gis.brno.cz/ost/filebox/ug_file.php?FILE_ID=180501&RECORD_ID=17478&AGENDA_IDENT=GEO_ASSETS,,,,,2024/09/24 01:30:43+00
-597305.969599999,-1161389.0175,76,17582,Impact Hub,Hub,,https://www.hubbrno.cz,https://www.hubbrno.cz/kalendar/,Cyrilská,508/7,brno@impacthub.cz,777201518,,,,,Ne,Ano,,,,,,,https://gis.brno.cz/ost/filebox/ug_file.php?FILE_ID=181041&RECORD_ID=17582&AGENDA_IDENT=GEO_ASSETS,,,,,2024/09/24 01:30:43+00
-596136.379999999,-1159502.87,77,17505,Industra,Podnik s kulturním programem,"Industra stage, Galerie Industra Art",https://www.industra.space,https://industra.space/program,Lazaretní,7/1,hello@industra.space,776706254,,,,,Ne,Ano,,,,,,,https://gis.brno.cz/ost/filebox/ug_file.php?FILE_ID=181043&RECORD_ID=17505&AGENDA_IDENT=GEO_ASSETS,,,,,2024/09/24 01:30:43+00
-596143.489999998,-1159492.33,78,17518,Industra Stage,Divadlo,,https://www.industra.space,https://industra.space/program,Lazaretní,7/1,hello@industra.space,776706254,,,,,Ne,Ano,,,,,,,https://gis.brno.cz/ost/filebox/ug_file.php?FILE_ID=181054&RECORD_ID=17518&AGENDA_IDENT=GEO_ASSETS,,,,,2024/09/24 01:30:43+00
-598330.609999999,-1160790.73,79,35142,Informační centrum TO JE Brno,Ostatní,,www.ticbrno.cz,,Panenská ,1,panenska@ticbrno.cz,+420 513 039 035,,,,TIC,,Ano,,,,,,,,,,,,2024/09/24 01:30:43+00
-597905.379999999,-1160434.24,80,17567,Janáčkovo divadlo,Divadlo,,https://www.ndbrno.cz,http://www.ndbrno.cz/program?method=newProgram&params[buildings_group]=2&params[month]=10&params[year]=2020,Rooseveltova,31/7,info@ndbrno.cz,542158111,Janáček Theatre,,15,Národní­ divadlo Brno,Ano,Ano,,,,přístupné,accessible,https://gis.brno.cz/mapa/mapa-pristupnosti/?i=-597935.65:-1160410.46&c=-597935.65:-1160410.46,https://gis.brno.cz/ost/filebox/ug_file.php?FILE_ID=180629&RECORD_ID=17567&AGENDA_IDENT=GEO_ASSETS,,,,,2024/09/24 01:30:43+00
-599180.530000001,-1161349.58,81,17481,Jazz bar U kouřícího králíka,Hudebni klub,,https://www.kouricikralik.cz,https://www.kouricikralik.cz/#program,Křídlovická,32/1,jazz@kouricikralik.cz,739642488,Jazz bar At the Smoking Rabbit,,,,Ne,Ano,,,,,,,https://gis.brno.cz/ost/filebox/ug_file.php?FILE_ID=181059&RECORD_ID=17481&AGENDA_IDENT=GEO_ASSETS,,,,,2024/09/24 01:30:43+00
-598169.52,-1161032.71,82,17683,Jazzová kavárna Podobrazy,Podnik s kulturním programem,,https://www.podobrazy.cz,https://www.podobrazy.cz/udalosti?start=2021-03-28+23%3A12%3A00,Zelný trh,250/14,info@podobrazy.cz,778001874,Podobrazy Jazz Café,,,,Ne,Ano,,,,,,,https://gis.brno.cz/ost/filebox/ug_file.php?FILE_ID=181060&RECORD_ID=17683&AGENDA_IDENT=GEO_ASSETS,,,,,2024/09/24 01:30:43+00
-600340.550000001,-1159238.58,83,17611,Jurkovičova vila,Kulturní památka,,http://www.moravska-galerie.cz/jurkovicova-vila,http://www.moravska-galerie.cz/jurkovicova-vila/vystavy-a-program/aktualni-vystavy.aspx,Jana Nečase,335/2,jurkovic@moravska-galerie.cz,532169501,Villa Jurkovič,,287,Moravská galerie v Brně,Ano,Ano,,,,přístupné,accessible,https://gis.brno.cz/mapa/mapa-pristupnosti/?i=-600337.18:-1159236.69&c=-600337.18:-1159236.69,https://gis.brno.cz/ost/filebox/ug_file.php?FILE_ID=180500&RECORD_ID=17611&AGENDA_IDENT=GEO_ASSETS,,,,,2024/09/24 01:30:43+00
-598505.129999999,-1161116.16,84,17628,Kabaret Špaček,Podnik s kulturním programem,,https://www.kabaretspacek.cz,,Kopečná,326/46,kabaretspacek@gmail.com,603585099,The starling Cabaret ,,,,Ne,Ano,,,,,,,https://gis.brno.cz/ost/filebox/ug_file.php?FILE_ID=181061&RECORD_ID=17628&AGENDA_IDENT=GEO_ASSETS,,,,,2024/09/24 01:30:43+00
-597830.960000001,-1160734.46,85,17637,Kabinet Múz,Hudebni klub,,https://www.kabinetmuz.cz,https://www.kabinetmuz.cz/program,Sukova,49/4,info@kabinetmuz.cz,0,Cabinet of Muses,,,,Ne,Ano,,,,,,,https://gis.brno.cz/ost/filebox/ug_file.php?FILE_ID=181062&RECORD_ID=17637&AGENDA_IDENT=GEO_ASSETS,,,,,2024/09/24 01:30:43+00
-598698.5163,-1160505.496,86,17699,Kumst,Hub,,https://www.kumstbrno.cz/,https://www.kumstbrno.cz/akce/,Údolní,495/19,hello@kumstbrno.cz,721933262,,,,,Ne,Ano,,,,,,,https://gis.brno.cz/ost/filebox/ug_file.php?FILE_ID=181842&RECORD_ID=17699&AGENDA_IDENT=GEO_ASSETS,,,,,2024/09/24 01:30:43+00
-598078.25,-1161163.75,87,19932,Kapucínská hrobka v Brně,Kulturní památka,,https://hrobka.kapucini.cz,,Kapucínské nám.,5,hrobka@kapucini.cz,511 140 053,The Capuchin Tomb in Brno,,,,Ne,Ano,,,,,,,https://gis.brno.cz/ost/filebox/ug_file.php?FILE_ID=189520&RECORD_ID=19932&AGENDA_IDENT=GEO_ASSETS,,,,,2024/09/24 01:30:43+00
-598296.129999999,-1160954.13,88,17589,Kavárna Trojka,Podnik s kulturním programem,,https://www.facebook.com/KavarnaTrojka/,https://www.facebook.com/KavarnaTrojka/events/?ref=page_internal,Dominikánská,348/9,provoz.trojka@gmail.com,603916644,Café Trojka,,,,Ne,Ano,,,,,,,https://gis.brno.cz/ost/filebox/ug_file.php?FILE_ID=181063&RECORD_ID=17589&AGENDA_IDENT=GEO_ASSETS,,,,,2024/09/24 01:30:43+00
-598814.600000001,-1157249.54,89,35141,"Kavárna u Žambocha - Unie neslyšících Brno, sociální podnik, s.r.o.",Podnik s kulturním programem,,uzambocha.cz,,Palackého třída,19/114,kavarnauzambocha@gmail.com,"+420 725 605 216
+420 541 245 321",,,,,,Ano,,,,,,,,,,,,2024/09/24 01:30:43+00
-598369.5,-1159708.08,90,17581,Kino Art,Kino,,https://www.kinoart.cz,https://www.kinoart.cz/cs/program,Cihlářská,643/19,rezervace@kinoart.cz,513039035,The Art Cinema,,,TIC,Ne,Ano,,,,,,,https://gis.brno.cz/ost/filebox/ug_file.php?FILE_ID=181064&RECORD_ID=17581&AGENDA_IDENT=GEO_ASSETS,,,,,2024/09/24 01:30:43+00
-596970.16,-1158332.31,91,17544,Kinokavárna,Kino,,https://www.kinokavarna.cz,http://kinokavarna.cz/program.html,Náměstí SNP,1771/33,kinokavarna@kinokavarna.cz,545212665,Cinema Café,,,,Ne,Ano,,,,,,,https://gis.brno.cz/ost/filebox/ug_file.php?FILE_ID=181067&RECORD_ID=17544&AGENDA_IDENT=GEO_ASSETS,,,,,2024/09/24 01:30:43+00
-599618.940000001,-1158883.08,92,17527,Kino Lucerna,Kino,,https://www.kinolucerna.info,http://www.kinolucerna.info/klient-1427/kino-319/stranka-16170,Minská,565/19,biograf@seznam.cz,775187445,Lucerna Cinema,,,,Ne,Ano,,,,,,,https://gis.brno.cz/ost/filebox/ug_file.php?FILE_ID=181068&RECORD_ID=17527&AGENDA_IDENT=GEO_ASSETS,,,,,2024/09/24 01:30:43+00
-600643.133499999,-1163759.3864,93,17498,KJM - Bohunice,Knihovna,,https://www.kjm.cz/provoz/bohunice-lany-3,https://www.kjm.cz/akce,Lány,85/3,lany@kjm.cz,547211746,,,,Knihovna Jiří­ho Mahena,Ne,Ano,,,,,,,https://gis.brno.cz/ost/filebox/ug_file.php?FILE_ID=181069&RECORD_ID=17498&AGENDA_IDENT=GEO_ASSETS,,,,,2024/09/24 01:30:43+00
-604084.633400001,-1162762.6769,94,17482,KJM - Bosonohy,Knihovna,,https://www.kjm.cz/provoz/bosonohy-ostopovicka-29,https://www.kjm.cz/akce,Ostopovická,342/29,bosonohy@kjm.cz,778468220,,,,Knihovna Jiří­ho Mahena,Ne,Ano,,,,,,,https://gis.brno.cz/ost/filebox/ug_file.php?FILE_ID=181070&RECORD_ID=17482&AGENDA_IDENT=GEO_ASSETS,,,,,2024/09/24 01:30:43+00
-603642.432500001,-1157208.7332,95,17676,KJM - Bystrc,Knihovna,,https://www.kjm.cz/provoz/bystrc-vondrakova-15,https://www.kjm.cz/akce,Vondrákova,826/15,vondrakova@kjm.cz,778880032,,,,Knihovna Jiří­ho Mahena,Ne,Ano,,,,,,,https://gis.brno.cz/ost/filebox/ug_file.php?FILE_ID=181071&RECORD_ID=17676&AGENDA_IDENT=GEO_ASSETS,,,,,2024/09/24 01:30:43+00
-596970.158100002,-1158332.3055,96,17545,KJM - Černá Pole,Knihovna,,https://www.kjm.cz/provoz/cerna-pole,https://www.kjm.cz/akce,Náměstí SNP,1771/33,snp@kjm.cz,548525615,,,,Knihovna Jiří­ho Mahena,Ne,Ano,,,,,,,https://gis.brno.cz/ost/filebox/ug_file.php?FILE_ID=181072&RECORD_ID=17545&AGENDA_IDENT=GEO_ASSETS,,,,,2024/09/24 01:30:43+00
-596412.901799999,-1161811.548,97,17608,KJM - Černovice,Knihovna,,https://www.kjm.cz/provoz/cernovice-charbulova-38,https://www.kjm.cz/akce,Charbulova,214/38,cernovice@kjm.cz,548538275,,,,Knihovna Jiří­ho Mahena,Ne,Ano,,,,,,,https://gis.brno.cz/ost/filebox/ug_file.php?FILE_ID=181073&RECORD_ID=17608&AGENDA_IDENT=GEO_ASSETS,,,,,2024/09/24 01:30:43+00
-598243.412,-1164251.3031,98,17574,KJM - Horní Heršpice,Knihovna,v současné chvíli v rekonstrukci.,https://www.kjm.cz/provoz/horni-herspice-bednarova-16,https://www.kjm.cz/akce,Bednářova,261/16,horniherspice@kjm.cz,778880031,,,,Knihovna Jiří­ho Mahena,Ne,Ano,,,,,,,https://gis.brno.cz/ost/filebox/ug_file.php?FILE_ID=181074&RECORD_ID=17574&AGENDA_IDENT=GEO_ASSETS,,,,,2024/09/24 01:30:43+00
-596412.403200001,-1159307.1293,99,17534,KJM - Husovice,Knihovna,,https://www.kjm.cz/provoz/husovice-musilova,https://www.kjm.cz/akce,Musilova,1540/2,husovice@kjm.cz,773777315,,,,Knihovna Jiří­ho Mahena,Ne,Ano,,,,,,,https://gis.brno.cz/ost/filebox/ug_file.php?FILE_ID=181075&RECORD_ID=17534&AGENDA_IDENT=GEO_ASSETS,,,,,2024/09/24 01:30:43+00
-595648.576900002,-1167676.3435,100,17609,KJM - Chrlice,Knihovna,,https://www.kjm.cz/provoz/chrlice-chrlickenam2,https://www.kjm.cz/akce,Chrlické náměstí,2/2,chrlice@kjm.cz,545558142,,,,Knihovna Jiří­ho Mahena,Ne,Ano,,,,,,,https://gis.brno.cz/ost/filebox/ug_file.php?FILE_ID=181076&RECORD_ID=17609&AGENDA_IDENT=GEO_ASSETS,,,,,2024/09/24 01:30:43+00
-600441.092099998,-1152710.9135,101,17511,KJM - Ivanovice,Knihovna,není informace o kulturním programu,https://www.kjm.cz/provoz/ivanovice-macova-3,https://www.kjm.cz/akce,Mácova,37/3,ivanovice@kjm.cz,778750073,,,,Knihovna Jiří­ho Mahena,Ne,Ano,,,,,,,https://gis.brno.cz/ost/filebox/ug_file.php?FILE_ID=181077&RECORD_ID=17511&AGENDA_IDENT=GEO_ASSETS,,,,,2024/09/24 01:30:43+00
-598067.9736,-1152236.0441,102,17546,KJM - Jehnice,Knihovna,není informace o kulturním programu,https://www.kjm.cz/provoz/jehnice-nam-3-kvetna-5,https://www.kjm.cz/akce,náměstí 3. května,221/5,jehnice@kjm.cz,778880031,,,,Knihovna Jiří­ho Mahena,Ne,Ano,,,,,,,https://gis.brno.cz/ost/filebox/ug_file.php?FILE_ID=181078&RECORD_ID=17546&AGENDA_IDENT=GEO_ASSETS,,,,,2024/09/24 01:30:43+00
-601843.783599999,-1158969.2415,103,17661,KJM - Jundrov,Knihovna,,https://www.kjm.cz/provoz/jundrov-veslarska-56,https://www.kjm.cz/akce,Veslařská,97/56,veslarska@kjm.cz,541220378,,,,Knihovna Jiří­ho Mahena,Ne,Ano,,,,,,,https://gis.brno.cz/ost/filebox/ug_file.php?FILE_ID=181079&RECORD_ID=17661&AGENDA_IDENT=GEO_ASSETS,,,,,2024/09/24 01:30:43+00
-603503.5189,-1155607.2795,104,17533,KJM - Kníničky,Knihovna,není informace o kulturním programu,https://www.kjm.cz/provoz/kninicky-ondrova-25,https://www.kjm.cz/akce,Ondrova,17/25,kninicky@kjm.cz,770147535,,,,Knihovna Jiří­ho Mahena,Ne,Ano,,,,,,,https://gis.brno.cz/ost/filebox/ug_file.php?FILE_ID=181080&RECORD_ID=17533&AGENDA_IDENT=GEO_ASSETS,,,,,2024/09/24 01:30:43+00
-603503.359099999,-1160960.995,105,17500,KJM - Kohoutovice,Knihovna,,https://www.kjm.cz/provoz/kohoutovice-libusina-tr-27,https://www.kjm.cz/akce,Libušina třída,825/27,libus@kjm.cz,547382893,,,,Knihovna Jiří­ho Mahena,Ne,Ano,,,,,,,https://gis.brno.cz/ost/filebox/ug_file.php?FILE_ID=181630&RECORD_ID=17500&AGENDA_IDENT=GEO_ASSETS,,,,,2024/09/24 01:30:43+00
-597205.510600001,-1162965.4325,106,17584,KJM - Komárov,Knihovna,,https://www.kjm.cz/provoz/komarov-cernovicka-2b,https://www.kjm.cz/akce,Černovická,33/2,komarov@kjm.cz,545234480,,,,Knihovna Jiří­ho Mahena,Ne,Ano,,,,,,,https://gis.brno.cz/ost/filebox/ug_file.php?FILE_ID=181631&RECORD_ID=17584&AGENDA_IDENT=GEO_ASSETS,,,,,2024/09/24 01:30:43+00
-601888.980999999,-1157342.9892,107,17657,KJM - Komín,Knihovna,,https://www.kjm.cz/provoz/komin-vavrinecka-13,https://www.kjm.cz/akce,Vavřinecká,732/13,vavrinecka@kjm.cz,541222930,,,,Knihovna Jiří­ho Mahena,Ne,Ano,,,,,,,https://gis.brno.cz/ost/filebox/ug_file.php?FILE_ID=181632&RECORD_ID=17657&AGENDA_IDENT=GEO_ASSETS,,,,,2024/09/24 01:30:43+00
-599020.133000001,-1156502.8236,108,17548,KJM - Královo Pole,Knihovna,,https://www.kjm.cz/provoz/kralovo-pole-palackeho-164,https://www.kjm.cz/akce,Palackého třída,2658/164,palackeho@kjm.cz,549259234,,,,Knihovna Jiří­ho Mahena,Ne,Ano,,,,,,,https://gis.brno.cz/ost/filebox/ug_file.php?FILE_ID=181633&RECORD_ID=17548&AGENDA_IDENT=GEO_ASSETS,,,,,2024/09/24 01:30:43+00
-596557.566399999,-1156715.067,109,17600,KJM - Lesná,Knihovna,,https://www.kjm.cz/provoz/lesna-haskova-4,https://www.kjm.cz/akce,Haškova,141/4,haskova@kjm.cz,548526935,,,,Knihovna Jiří­ho Mahena,Ne,Ano,,,,,,,https://gis.brno.cz/ost/filebox/ug_file.php?FILE_ID=181634&RECORD_ID=17600&AGENDA_IDENT=GEO_ASSETS,,,,,2024/09/24 01:30:43+00
-592356.123399999,-1159945.6454,110,17618,KJM - Líšeň,Knihovna,,https://www.kjm.cz/provoz/lisen-jirova-2,https://www.kjm.cz/akce,Jírova,2609/2,jirova@kjm.cz,544210135,,,,Knihovna Jiří­ho Mahena,Ne,Ano,,,,,,,https://gis.brno.cz/ost/filebox/ug_file.php?FILE_ID=181635&RECORD_ID=17618&AGENDA_IDENT=GEO_ASSETS,,,,,2024/09/24 01:30:43+00
-595297.255800001,-1158775.0599,111,17570,KJM - Maloměřice,Knihovna,,https://www.kjm.cz/provoz/malomerice-selska-16,https://www.kjm.cz/akce,Selská,121/16,malomerice@kjm.cz,545230056,,,,Knihovna Jiří­ho Mahena,Ne,Ano,,,,,,,https://gis.brno.cz/ost/filebox/ug_file.php?FILE_ID=181636&RECORD_ID=17570&AGENDA_IDENT=GEO_ASSETS,,,,,2024/09/24 01:30:43+00
-600061.200100001,-1155281.2865,112,17493,KJM - Medlánky,Knihovna,,https://www.kjm.cz/provoz/medlanky,https://www.kjm.cz/akce,Kytnerova,563/1,medlanky@kjm.cz,778466979,,,,Knihovna Jiří­ho Mahena,Ne,Ano,,,,,,,https://gis.brno.cz/ost/filebox/ug_file.php?FILE_ID=181638&RECORD_ID=17493&AGENDA_IDENT=GEO_ASSETS,,,,,2024/09/24 01:30:43+00
-602363.517999999,-1162410.9843,113,17553,KJM - Nový Lískovec,Knihovna,,https://www.kjm.cz/provoz/novy-liskovec-obla-75a,https://www.kjm.cz/akce,Oblá,518/75,obla@kjm.cz,778428657,,,,Knihovna Jiří­ho Mahena,Ne,Ano,,,,,,,https://gis.brno.cz/ost/filebox/ug_file.php?FILE_ID=181643&RECORD_ID=17553&AGENDA_IDENT=GEO_ASSETS,,,,,2024/09/24 01:30:43+00
-597288.5984,-1151694.8446,114,17566,KJM - Ořešín,Knihovna,není informace o kulturním programu,https://www.kjm.cz/provoz/oresin-ronovska-10,https://www.kjm.cz/akce,U Zvoničky,12/4,oresin@kjm.cz,739624107,,,,Knihovna Jiří­ho Mahena,Ne,Ano,,,,,,,https://gis.brno.cz/ost/filebox/ug_file.php?FILE_ID=181644&RECORD_ID=17566&AGENDA_IDENT=GEO_ASSETS,,,,,2024/09/24 01:30:43+00
-597851.471500002,-1166428.3876,115,17580,KJM - Přízřenice,Knihovna,není informace o kulturním programu,https://www.kjm.cz/provoz/prizrenice-breclavska-12,https://www.kjm.cz/akce,Břeclavská,291/12,prizrenice@kjm.cz,778880031,,,,Knihovna Jiří­ho Mahena,Ne,Ano,,,,,,,https://gis.brno.cz/ost/filebox/ug_file.php?FILE_ID=181645&RECORD_ID=17580&AGENDA_IDENT=GEO_ASSETS,,,,,2024/09/24 01:30:43+00
-599413.755800001,-1154770.7298,116,17622,KJM - Řečkovice,Knihovna,,https://www.kjm.cz/provoz/reckovice-kolarikova-3,https://www.kjm.cz/akce,Kolaříkova,1499/3,kolarikova@kjm.cz,549271413,,,,Knihovna Jiří­ho Mahena,Ne,Ano,,,,,,,https://gis.brno.cz/ost/filebox/ug_file.php?FILE_ID=181646&RECORD_ID=17622&AGENDA_IDENT=GEO_ASSETS,,,,,2024/09/24 01:30:43+00
-592795.407900002,-1163165.2241,117,17617,KJM - Slatina,Knihovna,,https://www.kjm.cz/provoz/slatina-jihomoravske-nam-1,https://www.kjm.cz/akce,Jihomoravské náměstí,1098/1,jihomoravnam@kjm.cz,545217394,,,,Knihovna Jiří­ho Mahena,Ne,Ano,,,,,,,https://gis.brno.cz/ost/filebox/ug_file.php?FILE_ID=181648&RECORD_ID=17617&AGENDA_IDENT=GEO_ASSETS,,,,,2024/09/24 01:30:43+00
-596367.4496,-1154306.2721,118,17682,KJM - Soběšice,Knihovna,není informace o kulturním programu,https://www.kjm.cz/provoz/sobesice-zeiberlichova-48,https://www.kjm.cz/akce,Zeiberlichova,63/48,sobesice@kjm.cz,773179470,,,,Knihovna Jiří­ho Mahena,Ne,Ano,,,,,,,,,,,,2024/09/24 01:30:43+00
-599256.7621,-1161500.3113,119,17491,KJM - Staré Brno,Knihovna,,https://www.kjm.cz/provoz/stare-brno-krizova-24,https://www.kjm.cz/akce,Křížová,88/24,nakrizovatce@gmail.com,704421303,,,,Knihovna Jiří­ho Mahena,Ne,Ano,,,,,,,https://gis.brno.cz/ost/filebox/ug_file.php?FILE_ID=181651&RECORD_ID=17491&AGENDA_IDENT=GEO_ASSETS,,,,,2024/09/24 01:30:43+00
-602273.927299999,-1163289.6373,120,17497,KJM - Starý Lískovec,Knihovna,,https://www.kjm.cz/provoz/stary-liskovec-kurska-1,https://www.kjm.cz/akce,Kurská,625/1,kurska@kjm.cz,547355630,,,,Knihovna Jiří­ho Mahena,Ne,Ano,,,,,,,https://gis.brno.cz/ost/filebox/ug_file.php?FILE_ID=181653&RECORD_ID=17497&AGENDA_IDENT=GEO_ASSETS,,,,,2024/09/24 01:30:43+00
-594427.903999999,-1166592.1858,121,17648,KJM - Tuřany,Knihovna,,https://www.kjm.cz/provoz/turany-turanske-nam-1,https://www.kjm.cz/akce,Tuřanské náměstí,84/1,turnam@kjm.cz,545229962,,,,Knihovna Jiří­ho Mahena,Ne,Ano,,,,,,,https://gis.brno.cz/ost/filebox/ug_file.php?FILE_ID=181654&RECORD_ID=17648&AGENDA_IDENT=GEO_ASSETS,,,,,2024/09/24 01:30:43+00
-598079.989999998,-1160995.86,122,35154,Labyrint pod Zelným trhem,Kulturní památka,,https://podzemibrno.cz/mista-v-podzemi/labyrint-pod-zelnym-trhem/,,Zelný trh,320/21,labyrint@ticbrno.cz,+420 542 212 892,,,,TIC,Ano,Ano,,,,,,,,,,,,2024/09/24 01:30:43+00
-598045.262699999,-1160754.6363,123,17621,KJM - Ústřední knihovna,Knihovna,,https://www.kjm.cz,https://www.kjm.cz/akce,Kobližná,70/4,kjm@kjm.cz,542532111,Jiří Mahen Library,,17,Knihovna Jiří­ho Mahena,Ne,Ano,,,,přístupné,accessible,https://gis.brno.cz/mapa/mapa-pristupnosti/?i=-598036.49:-1160758.36&c=-598036.49:-1160758.36,https://gis.brno.cz/ost/filebox/ug_file.php?FILE_ID=180497&RECORD_ID=17621&AGENDA_IDENT=GEO_ASSETS,,,,,2024/09/24 01:30:43+00
-594215.207899999,-1160050.4044,124,17660,KJM - Vinohrady,Knihovna,,https://www.kjm.cz/provoz/vinohrady-velkopavlovicka-25,https://www.kjm.cz/akce,Velkopavlovická,4310/25,velkopavlov@kjm.cz,544217645,,,,Knihovna Jiří­ho Mahena,Ne,Ano,,,,,,,https://gis.brno.cz/ost/filebox/ug_file.php?FILE_ID=181655&RECORD_ID=17660&AGENDA_IDENT=GEO_ASSETS,,,,,2024/09/24 01:30:43+00
-600223.2788,-1158146.2037,125,17536,KJM - Žabovřesky,Knihovna,,https://www.kjm.cz/provoz/zabovresky-mozolky-52,https://www.kjm.cz/akce,Mozolky,2562/52,mozolky@kjm.cz,549259853,,,,Knihovna Jiří­ho Mahena,Ne,Ano,,,,,,,https://gis.brno.cz/ost/filebox/ug_file.php?FILE_ID=181656&RECORD_ID=17536&AGENDA_IDENT=GEO_ASSETS,,,,,2024/09/24 01:30:43+00
-606777.763799999,-1158402.7705,126,17488,KJM - Žebětín,Knihovna,,https://www.kjm.cz/provoz/zebetin-krivankovo-nam-35,https://www.kjm.cz/akce,Křivánkovo náměstí,43/35,zebetin@kjm.cz,778750073,,,,Knihovna Jiří­ho Mahena,Ne,Ano,,,,,,,https://gis.brno.cz/ost/filebox/ug_file.php?FILE_ID=181657&RECORD_ID=17488&AGENDA_IDENT=GEO_ASSETS,,,,,2024/09/24 01:30:43+00
-595731.2641,-1160204.2107,127,17634,KJM - Židenice,Knihovna,,https://www.kjm.cz/provoz/zidenice-stara-osada-15,https://www.kjm.cz/akce,Stará osada,3984/15,osada@kjm.cz,545240403,,,,Knihovna Jiří­ho Mahena,Ne,Ano,,,,,,,https://gis.brno.cz/ost/filebox/ug_file.php?FILE_ID=181658&RECORD_ID=17634&AGENDA_IDENT=GEO_ASSETS,,,,,2024/09/24 01:30:43+00
-598938.48,-1158959.02,128,17631,Klub Alterna,Hudebni klub,,https://www.alterna.cz,https://www.alterna.cz/program/,Kounicova,506/48,alterna@alterna.cz,541212091,Club Alterna,,,,Ne,Ano,,,,,,,https://gis.brno.cz/ost/filebox/ug_file.php?FILE_ID=181659&RECORD_ID=17631&AGENDA_IDENT=GEO_ASSETS,,,,,2024/09/24 01:30:43+00
-598645.010000002,-1161459.43,129,17499,Klub Leitnerova,Kulturní centrum,,https://www.leitnerka.cz,https://leitnerka.cz/program/,Leitnerova,434/2,info@leitnerka.cz,725570065,The Leitnerova Club,,,,Ne,Ano,,,,,,,https://gis.brno.cz/ost/filebox/ug_file.php?FILE_ID=181809&RECORD_ID=17499&AGENDA_IDENT=GEO_ASSETS,,,,,2024/09/24 01:30:43+00
-602457.170000002,-1162273.29,130,35150,Komunitní centrum Skála,Kulturní centrum,,https://novy-liskovec.cz/komunitni-centrum-skala/ds-1389,https://novy-liskovec.cz/program%2Dpro%2Dverejnost%2Dv%2Dkomunitnim%2Dcentru%2Dskala/ds-1422/archiv=0,Oblá,505/54a,braun@nliskovec.brno.c,778 483 300,,,,,,Ano,,,,,,,,,,,,2024/09/24 01:30:43+00
-597663.194200002,-1160198.6367,131,17669,KoPlac,Hub,,https://koplac.cz/,,Příkop,27/2,ludek.kuhr@koplac.cz,605822228,,,,,Ne,Ano,,,,,,,https://gis.brno.cz/ost/filebox/ug_file.php?FILE_ID=181810&RECORD_ID=17669&AGENDA_IDENT=GEO_ASSETS,,,,,2024/09/24 01:30:43+00
-598435.757800002,-1160847.118,132,17604,Kryt 10-z,Muzeum,naproti č.p. 12,https://www.10-z.cz,https://10-z.cz/program/,Husova,0/0,husova10z@gmail.com,542210622,Cover 10-z,,,,Ano,Ano,,,,,,,https://gis.brno.cz/ost/filebox/ug_file.php?FILE_ID=181830&RECORD_ID=17604&AGENDA_IDENT=GEO_ASSETS,,,,,2024/09/24 01:30:43+00
-598314.550000001,-1160872.49,133,17592,Křížová chodba Nové radnice v Brně,Galerie,,,,Dominikánské náměstí,196/1,,0,Cross Hall of the New Town Hall in Brno,,,,Ne,Ano,,,,,,,https://gis.brno.cz/ost/filebox/ug_file.php?FILE_ID=181831&RECORD_ID=17592&AGENDA_IDENT=GEO_ASSETS,,,,,2024/09/24 01:30:43+00
-598402.808499999,-1160066.6842,134,17613,Kulturárium,Podnik s kulturním programem,,https://www.facebook.com/nnokulturarium/,https://www.facebook.com/nnokulturarium/events/?ref=page_internal,Janáčkovo náměstí,654/2,kulturarium@gmail.com,777668139,,,,,Ne,Ano,,,,,,,https://gis.brno.cz/ost/filebox/ug_file.php?FILE_ID=181832&RECORD_ID=17613&AGENDA_IDENT=GEO_ASSETS,,,,,2024/09/24 01:30:43+00
-600329.210000001,-1161685.67,135,17474,Kulturní centrum Babylon,Kulturní centrum,,https://www.kcbabylon.cz,,Kounicova,685/20,info@kcbabylon.cz,774443781,Cultural Centre Babylon,,,,Ne,Ano,,,,,,,https://gis.brno.cz/ost/filebox/ug_file.php?FILE_ID=181834&RECORD_ID=17474&AGENDA_IDENT=GEO_ASSETS,,,,,2024/09/24 01:30:43+00
-591802.989999998,-1159865.14,136,17619,Kulturní centrum Líšeň - Dělňák,Kulturní centrum,,https://www.kclisen.cz,http://kclisen.cz/kalendarium/,Klajdovská,1050/28,technik@kclisen.cz,734313652,Líšeň Cultural Centre - Dělňák,,,,Ne,Ano,,,,,,,https://gis.brno.cz/ost/filebox/ug_file.php?FILE_ID=181837&RECORD_ID=17619&AGENDA_IDENT=GEO_ASSETS,,,,,2024/09/24 01:30:43+00
-592737.760000002,-1159621.55,137,17629,Kulturní centrum Líšeň - Kotlanka,Kulturní centrum,,https://www.kclisen.cz,http://kclisen.cz/kalendarium/,Kotlanova,2163/7,drazanova@kclisen.cz,734313653,Líšeň Cultural Centre - Kotlanka,,,,Ne,Ano,,,,,,,https://gis.brno.cz/ost/filebox/ug_file.php?FILE_ID=181838&RECORD_ID=17629&AGENDA_IDENT=GEO_ASSETS,,,,,2024/09/24 01:30:43+00
-600124.579999998,-1157966.66,138,17513,Kulturní dům Rubín,Kulturní centrum,,https://www.kdrubin.cz,https://www.kdrubin.cz/ap/p1=56,Makovského náměstí,3166/3,rubin@zabovresky.cz,541213632,Cultural House Rubín,,,,Ne,Ano,,,,,,,https://gis.brno.cz/ost/filebox/ug_file.php?FILE_ID=181839&RECORD_ID=17513&AGENDA_IDENT=GEO_ASSETS,,,,,2024/09/24 01:30:43+00
-594721.670000002,-1157217.89,139,17597,Kulturní fara - Kafara,Podnik s kulturním programem,,https://www.kafara.cz,https://www.kafara.cz/nejblizsi-akce,Fryčajova,78/16,info@kafara.cz,+420 732 643 942,Cultural rectory - Kafara,,,,Ne,Ano,,,,,,,https://gis.brno.cz/ost/filebox/ug_file.php?FILE_ID=181840&RECORD_ID=17597&AGENDA_IDENT=GEO_ASSETS,,,,,2024/09/24 01:30:43+00
-596412.399999999,-1159307.13,140,17537,Kulturní středisko Omega,Kulturní centrum,,https://www.ksomega.cz,http://www.ksomega.cz/koncerty-a-divadla-na-musilce,Musilova,1540/2,ksomega@ksomega.cz,545211891,Omega Cultural Centre,,,,Ne,Ano,,,,,,,https://gis.brno.cz/ost/filebox/ug_file.php?FILE_ID=181841&RECORD_ID=17537&AGENDA_IDENT=GEO_ASSETS,,,,,2024/09/24 01:30:43+00
-598333.170000002,-1160961.04,141,17586,Letní kino Brno-střed,Letní kino,pouze letní sezóna,https://www.kinobude.cz,http://kinobude.cz/program/,Dominikánská,264/2,info@nocnimotyl.cz,545212665,Summer cinema Brno-centre,,,,Ne,Ano,,,,,,,https://gis.brno.cz/ost/filebox/ug_file.php?FILE_ID=181843&RECORD_ID=17586&AGENDA_IDENT=GEO_ASSETS,,,,,2024/09/24 01:30:43+00
-598067.890000001,-1160046.67,142,17502,Letní kino - Dvůr Městského divadla Brno,Letní kino,pouze letní sezóna,https://www.letnikinobrno.cz,https://www.letnikinobrno.cz/program-kina/,Lidická,1863/16,besa@brixton.cz,725568111,Summer Cinema - Courtyard of the Municipal Theatre Brno,,,Městské divadlo Brno,Ne,Ano,,2021/06/28 00:00:00+00,2021/08/23 00:00:00+00,,,,https://gis.brno.cz/ost/filebox/ug_file.php?FILE_ID=181844&RECORD_ID=17502&AGENDA_IDENT=GEO_ASSETS,,,,,2024/09/24 01:30:43+00
-604532.710000001,-1154732.54,143,35147,Letní kino Hříbek - Beach bar Hříbek,Letní kino,,https://www.beachbarhribek.cz/,https://www.beachbarhribek.cz/services-1,Kníničky,898,info@beachbarhribek.cz,+420 739 793 339,,,,,,Ano,,,,,,,,,,,,2024/09/24 01:30:43+00
-601049.210000001,-1161218.25,144,17572,Letní kino Na Riviéře,Letní kino,pouze letní sezóna,,,Bauerova,322/7,info@nocnimotyl.cz,542427111,Summer cinema On the Riviera,,,TIC,Ne,Ano,,,,,,,https://gis.brno.cz/ost/filebox/ug_file.php?FILE_ID=181845&RECORD_ID=17572&AGENDA_IDENT=GEO_ASSETS,,,,,2024/09/24 01:30:43+00
-598839.280000001,-1160814.05,145,17639,Letní kino Špilberk,Letní kino,"Letní terasa, pouze letní sezóna",https://www.letnikinospilberk.cz,www.letnikinospilberk.cz,Špilberk,1,olda.vojacek@oh-production.com,732565202,Summer cinema Špilberk,,,,Ne,Ano,,2021/06/02 00:00:00+00,2021/08/31 00:00:00+00,,,,https://gis.brno.cz/ost/filebox/ug_file.php?FILE_ID=181846&RECORD_ID=17639&AGENDA_IDENT=GEO_ASSETS,,,,,2024/09/24 01:30:43+00
-599617.700599998,-1161345.2101,146,17689,Letohrádek Mitrovských,Kulturní památka,,https://www.letohradekbrno.cz,https://www.letohradekbrno.cz/probihajici-vystavy/,Veletržní,920/19,info@letohradekbrno.cz,605972588,,,,,Ano,Ano,,,,,,,https://gis.brno.cz/ost/filebox/ug_file.php?FILE_ID=181847&RECORD_ID=17689&AGENDA_IDENT=GEO_ASSETS,,,,,2024/09/24 01:30:43+00
-598118.68,-1159483.88,147,17504,Lužánky - středisko volného času,Kulturní centrum,,https://www.luzanky.cz,https://www.luzanky.cz/Akce?razeni=2,Lidická,1880/50,luzanky@luzanky.cz,549524111,Lužánky - Leisure time centre,,,,Ne,Ano,,,,,,,https://gis.brno.cz/ost/filebox/ug_file.php?FILE_ID=181850&RECORD_ID=17504&AGENDA_IDENT=GEO_ASSETS,,,,,2024/09/24 01:30:43+00
-597741.359999999,-1160712.4,148,17520,Mahenovo divadlo,Divadlo,,https://www.ndbrno.cz,http://www.ndbrno.cz/program,Malinovského náměstí,571/1,info@ndbrno.cz,542158111,Mahen's Theatre,,,Národní­ divadlo Brno,Ano,Ano,,,,,,,https://gis.brno.cz/ost/filebox/ug_file.php?FILE_ID=180646&RECORD_ID=17520&AGENDA_IDENT=GEO_ASSETS,,,,,2024/09/24 01:30:43+00
-599681.469999999,-1160459.55,149,17512,Mahenův památník,Kulturní památka,,https://www.kjm.cz/mahenuv-pamatnik-obecne,https://www.kjm.cz/akce,Mahenova,357/8,pamatnik@kjm.cz,543248479,Mahen's Memorial,,,Knihovna Jiří­ho Mahena,Ne,Ano,,,,,,,https://gis.brno.cz/ost/filebox/ug_file.php?FILE_ID=181853&RECORD_ID=17512&AGENDA_IDENT=GEO_ASSETS,,,,,2024/09/24 01:30:43+00
-599702.989999998,-1155871.01,150,17602,"Malá galerie, výzkumný ústav veterinárního lékařství",Galerie,,https://www.vri.cz/cz/o_nas/mala_galerie,,Hudcova,296/70,artvernisaz@gmail.com,533320325,"Small Gallery, Research Institute of Veterinary Medicine",,,,Ne,Ano,,,,,,,https://gis.brno.cz/ost/filebox/ug_file.php?FILE_ID=181855&RECORD_ID=17602&AGENDA_IDENT=GEO_ASSETS,,,,,2024/09/24 01:30:43+00
-598916.460000001,-1156797.69,151,17475,Melodka,Hudebni klub,,https://www.melodka.cz,https://www.melodka.cz/program/,Palackého tř. ,2849/148,melodka.produkce@gmail.com,733669731,,,,,Ne,Ano,,,,,,,https://gis.brno.cz/ost/filebox/ug_file.php?FILE_ID=181856&RECORD_ID=17475&AGENDA_IDENT=GEO_ASSETS,,,,,2024/09/24 01:30:43+00
-598139.582199998,-1161148.8108,152,17538,Mendelianum,Muzeum,,https://www.mendelianum.cz,,Muzejní,298/1,mendelianum@mzm.cz,515910411,,,,Moravské zemské muzeum,Ne,Ano,,,,,,,https://gis.brno.cz/ost/filebox/ug_file.php?FILE_ID=181859&RECORD_ID=17538&AGENDA_IDENT=GEO_ASSETS,,,,,2024/09/24 01:30:43+00
-599231.280000001,-1161094.67,153,17524,Mendelovo muzeum MU,Muzeum,,https://www.mendelmuseum.muni.cz,https://mendelmuseum.muni.cz/cs/vystavy,Mendlovo náměstí,907/1,info@mendelmuseum.muni.cz,549496669,Mendel Museum – Masaryk University,,20,Masarykova univerzita,Ne,Ano,,,,přístupné,accessible,https://gis.brno.cz/mapa/mapa-pristupnosti/?i=-599238.49:-1161070.82&c=-599238.49:-1161070.82,https://gis.brno.cz/ost/filebox/ug_file.php?FILE_ID=180649&RECORD_ID=17524&AGENDA_IDENT=GEO_ASSETS,,,,,2024/09/24 01:30:43+00
-597839.030000001,-1160885.44,154,17526,Měnínská brána,Muzeum,"6.10. V rekonstrukci na dobu neurčitou, další využití není známo",https://www.meninska-brana.cz,,Měnínská,0/7,muzeum.brno@spilberk.cz,542214946,Měnín Gate,,,Muzeum města Brna,Ne,Ano,,,,,,,https://gis.brno.cz/ost/filebox/ug_file.php?FILE_ID=181860&RECORD_ID=17526&AGENDA_IDENT=GEO_ASSETS,,,,,2024/09/24 01:30:43+00
-599523.629999999,-1157044.84,155,17675,Městská hala Vodova,Koncertní hala,,https://vodova.sportujemevbrne.cz,https://vodova.sportujemevbrne.cz/kalendar-akci,Vodova,336/108,,732152098,City hall Vodova,,,,Ne,Ano,,,,,,,https://gis.brno.cz/ost/filebox/ug_file.php?FILE_ID=181862&RECORD_ID=17675&AGENDA_IDENT=GEO_ASSETS,,,,,2024/09/24 01:30:43+00
-598067.890000001,-1160046.67,156,17501,Městské divadlo Brno,Divadlo,,https://www.mdb.cz,https://www.mdb.cz/program/,Lidická,1863/16,predprodej@mdb.cz,533316347,Brno City Threatre,,286,Městské divadlo Brno,Ne,Ano,,,,přístupné,accessible,https://gis.brno.cz/mapa/mapa-pristupnosti/?i=-598106.1:-1160048.39&c=-598106.1:-1160048.39,https://gis.brno.cz/ost/filebox/ug_file.php?FILE_ID=181882&RECORD_ID=17501&AGENDA_IDENT=GEO_ASSETS,,,,,2024/09/24 01:30:43+00
-598139.579999998,-1161148.81,157,17539,Městské divadlo Brno - Biskupský dvůr,Divadlo,,https://www.mdb.cz,https://www.mdb.cz/program/biskupsky-dvur/,Muzejní,298/1,predprodej@mdb.cz,533316347,Brno City Theatre - Bishop's Court,,,Městské divadlo Brno,Ne,Ano,,,,,,,https://gis.brno.cz/ost/filebox/ug_file.php?FILE_ID=181884&RECORD_ID=17539&AGENDA_IDENT=GEO_ASSETS,,,,,2024/09/24 01:30:43+00
-598016.513799999,-1160813.544,158,17556,Metro Music Bar,Hudebni klub,,https://www.metromusic.cz,https://www.metromusic.cz/program/,Poštovská,450/6,krejik@seznam.cz,739616594,,,,,Ne,Ano,,,,,,,https://gis.brno.cz/ost/filebox/ug_file.php?FILE_ID=181885&RECORD_ID=17556&AGENDA_IDENT=GEO_ASSETS,,,,,2024/09/24 01:30:43+00
-598112.09,-1160463.55,159,17529,Místodržitelský palác,Galerie,,https://www.moravska-galerie.cz,http://www.moravska-galerie.cz/moravska-galerie/vystavy-a-program/kalendar.aspx,Moravské náměstí,680/1,info@moravska-galerie.cz,532169333,Governor’s Palace,,22,Moravská galerie v Brně,Ano,Ano,,,,přístupné s asistencí,accessible with assistance,https://gis.brno.cz/mapa/mapa-pristupnosti/?i=-598118.54:-1160468.82&c=-598118.54:-1160468.82,https://gis.brno.cz/ost/filebox/ug_file.php?FILE_ID=180610&RECORD_ID=17529&AGENDA_IDENT=GEO_ASSETS,,,,,2024/09/24 01:30:43+00
-598455.921300001,-1160119.1377,160,17630,Místogalerie na Skleněné louce,Galerie,,https://www.mistogalerie.cz,http://www.dumsklenenalouka.cz/kalendar,Kounicova,276/23,smidova@mistogalerie.cz,605472981,,,,,Ne,Ano,,,,,,,https://gis.brno.cz/ost/filebox/ug_file.php?FILE_ID=181886&RECORD_ID=17630&AGENDA_IDENT=GEO_ASSETS,,,,,2024/09/24 01:30:43+00
-599634.957199998,-1161376.6423,161,17685,Mitrovski,Hub,,https://www.mitrovski.cz/coworking/,,Veletržní,716/13,coworking@mitrovski.cz,607563679,,,,,Ne,Ano,,,,,,,https://gis.brno.cz/ost/filebox/ug_file.php?FILE_ID=181887&RECORD_ID=17685&AGENDA_IDENT=GEO_ASSETS,,,,,2024/09/24 01:30:43+00
-600302.4441,-1158222.8054,162,17509,Monomach,Galerie,Ukončili činnost,https://www.artmap.cz/monomach,https://www.facebook.com/galerie.brno/events/?ref=page_internal,Luční,1369/54,monomach@post.cz,721053935,,,,,Ne,Ne,,,,,,,https://gis.brno.cz/ost/filebox/ug_file.php?FILE_ID=181889&RECORD_ID=17509&AGENDA_IDENT=GEO_ASSETS,,,,,2024/09/24 01:30:43+00
-599013.5,-1159149.66,163,17477,Moravská zemská knihovna v Brně,Knihovna,,https://www.mzk.cz,https://www.mzk.cz/sluzby/akce,Kounicova,996/65,mzk@mzk.cz,541646201,Moravian Library,,30,,Ne,Ano,,,,přístupné,accessible,https://gis.brno.cz/mapa/mapa-pristupnosti/?i=-598994.68:-1159145.21&c=-598994.68:-1159145.21,https://gis.brno.cz/ost/filebox/ug_file.php?FILE_ID=180633&RECORD_ID=17477&AGENDA_IDENT=GEO_ASSETS,,,,,2024/09/24 01:30:43+00
-597422.877700001,-1161155.1439,164,17480,Mosilana hub,Hub,,https://www.mosilanahub.cz,http://www.mosilanahub.cz/program/,Křenová,89/19,office@mosilanahub.cz,777818678,,,,,Ne,Ano,,,,,,,https://gis.brno.cz/ost/filebox/ug_file.php?FILE_ID=181890&RECORD_ID=17480&AGENDA_IDENT=GEO_ASSETS,,,,,2024/09/24 01:30:43+00
-598396.3552,-1160535.6871,165,17542,Music Lab,Hudebni klub,,https://www.musiclab.cz,https://musiclab.cz/program,Opletalova,609/1,musiclabbrno@gmail.com,777545225,,,,,Ne,Ano,,,,,,,https://gis.brno.cz/ost/filebox/ug_file.php?FILE_ID=181891&RECORD_ID=17542&AGENDA_IDENT=GEO_ASSETS,,,,,2024/09/24 01:30:43+00
-598320.100000001,-1159112.32,166,17642,Muzeum českého a slovenského exilu 20. století,Muzeum,,https://www.muzeumexil.cz,,Štefánikova,93/22,muzeumexil@gmail.com,603552351,Museum of Czech and Slovak Exile of the 20th Century,,,,Ne,Ne,,,,,,,https://gis.brno.cz/ost/filebox/ug_file.php?FILE_ID=181892&RECORD_ID=17642&AGENDA_IDENT=GEO_ASSETS,,,,,2024/09/24 01:30:43+00
-596983.84,-1160270.82,167,17579,Muzeum romské kultury,Muzeum,,https://www.rommuz.cz,https://www.rommuz.cz/vystavy-a-programy/vystavy-a-jine-akce/,Bratislavská,246/67,sekretariat@rommuz.cz,545581206,Museum of Romani culture,,31,,Ano,Ano,,,,přístupné s asistencí,accessible with assistance,https://gis.brno.cz/mapa/mapa-pristupnosti/?i=-596981.09:-1160279.81&c=-596981.09:-1160279.81,https://gis.brno.cz/ost/filebox/ug_file.php?FILE_ID=181893&RECORD_ID=17579&AGENDA_IDENT=GEO_ASSETS,,,,,2024/09/24 01:30:43+00
-599332.149999999,-1162348.96,168,17668,Muzeum vlakové pošty,Muzeum,,https://www.vlakovaposta.cz,,Vídeňská,275/66,vlakovaposta@email.cz,607154162,Museum of the Train Post,,,,Ne,Ano,,,,,,,https://gis.brno.cz/ost/filebox/ug_file.php?FILE_ID=181895&RECORD_ID=17668&AGENDA_IDENT=GEO_ASSETS,,,,,2024/09/24 01:30:43+00
-597850.980599999,-1161137.016,169,17680,M13 Rock hell,Hudebni klub,,https://www.m13.cz,,Benešova,612/22,m13klub@seznam.cz,720992577,,,,,Ne,Ano,,,,,,,https://gis.brno.cz/ost/filebox/ug_file.php?FILE_ID=181896&RECORD_ID=17680&AGENDA_IDENT=GEO_ASSETS,,,,,2024/09/24 01:30:43+00
-598801.07,-1160396.96,170,17654,Nadace partnerství - Otevřená zahrada,Kulturní centrum,,https://www.otevrenazahrada.cz,https://www.otevrenazahrada.cz/akce-a-kurzy.aspx,Údolní,567/33,otevrenazahrada@nap.cz,515903111,Partnership Foundation - Open Garden,,,,Ne,Ano,,,,,,,https://gis.brno.cz/ost/filebox/ug_file.php?FILE_ID=184407&RECORD_ID=17654&AGENDA_IDENT=GEO_ASSETS,https://gis.brno.cz/ost/filebox/ug_file.php?FILE_ID=184406&RECORD_ID=17654&AGENDA_IDENT=GEO_ASSETS,https://gis.brno.cz/ost/filebox/ug_file.php?FILE_ID=184405&RECORD_ID=17654&AGENDA_IDENT=GEO_ASSETS,,,2024/09/24 01:30:43+00
-598150.648899999,-1160954.1384,171,17563,NO ART,Kino,,https://www.kinoart.cz,https://www.kinoart.cz/cs/mista/no-art,Radnická,366/4,rezervace@kinoart.cz,513039035,,,,Kino Art,Ne,Ano,,,,,,,https://gis.brno.cz/ost/filebox/ug_file.php?FILE_ID=181899&RECORD_ID=17563&AGENDA_IDENT=GEO_ASSETS,,,,,2024/09/24 01:30:43+00
-598078.84,-1160730.43,172,17620,Palác šlechtičen,Muzeum,8.10. V rekonstrukci na dobu neurčitou,https://www.mzm.cz/palac-slechticen/,http://www.mzm.cz/kalendar/,Kobližná,116/1,mzm@mzm.cz,542422361,The Palace of Noble Ladies,,23,Moravské zemské muzeum,Ne,Ano,,,,přístupné,accessible,https://gis.brno.cz/mapa/mapa-pristupnosti/?i=-598072.99:-1160721.66&c=-598072.99:-1160721.66,https://gis.brno.cz/ost/filebox/ug_file.php?FILE_ID=180638&RECORD_ID=17620&AGENDA_IDENT=GEO_ASSETS,,,,,2024/09/24 01:30:43+00
-598497.550000001,-1159997.32,173,17571,Památník Leoše Janáčka,Muzeum,,https://www.mzm.cz,http://www.mzm.cz/kalendar/,Smetanova,756/14,hudebni@mzm.cz,606033100,Leoš Janáček Memorial,,,Moravské zemské muzeum,Ne,Ano,,,,,,,https://gis.brno.cz/ost/filebox/ug_file.php?FILE_ID=181906&RECORD_ID=17571&AGENDA_IDENT=GEO_ASSETS,,,,,2024/09/24 01:30:43+00
-598689.251899999,-1160277.2571,174,17615,Panksy,Podnik s kulturním programem,,https://www.panksy.cz,https://www.facebook.com/panksypalacinky/events/?ref=page_internal,Jaselská,200/17,panksy@panksy.cz,778144804,,,,,Ne,Ano,,,,,,,https://gis.brno.cz/ost/filebox/ug_file.php?FILE_ID=181907&RECORD_ID=17615&AGENDA_IDENT=GEO_ASSETS,,,,,2024/09/24 01:30:43+00
-601166.890000001,-1160775.8,175,17555,Pavilon Anthropos,Muzeum,,https://www.mzm.cz,http://www.mzm.cz/kalendar/,Pisárecká,273/5,mzm@mzm.cz,515910560,Anthropos Pavilion,,290,Moravské zemské muzeum,Ano,Ano,,,,přístupné,accessible,https://gis.brno.cz/mapa/mapa-pristupnosti/?i=-601151.13:-1160771.33&c=-601151.13:-1160771.33,https://gis.brno.cz/ost/filebox/ug_file.php?FILE_ID=180506&RECORD_ID=17555&AGENDA_IDENT=GEO_ASSETS,,,,,2024/09/24 01:30:43+00
-597832.422600001,-1160559.0867,176,17568,Perpetuum Music Club,Hudebni klub,,https://www.perpetuumklub.cz,https://www.perpetuumklub.cz/program/,Rooseveltova,584/9,info@perpetuumklub.cz,733523398,,,,,Ne,Ano,,,,,,,https://gis.brno.cz/ost/filebox/ug_file.php?FILE_ID=181908&RECORD_ID=17568&AGENDA_IDENT=GEO_ASSETS,,,,,2024/09/24 01:30:43+00
-598711.885899998,-1161038.1997,177,17550,Polagraph Brno,Galerie,,https://www.polagraph.cz,https://www.polagraph.cz/vystavy/,Pekařská,416/34,info@polagraph.cz,777717569,,,,,Ne,Ano,,,,,,,https://gis.brno.cz/ost/filebox/ug_file.php?FILE_ID=181909&RECORD_ID=17550&AGENDA_IDENT=GEO_ASSETS,,,,,2024/09/24 01:30:43+00
-598107.2359,-1159967.8634,178,17507,Polansky Gallery,Galerie,,https://www.polanskygallery.com,http://www.polanskygallery.com/exhibitions,Lidická,2006/26,info@polanskygallery.com,608284022,,,,,Ne,Ano,,,,,,,https://gis.brno.cz/ost/filebox/ug_file.php?FILE_ID=181910&RECORD_ID=17507&AGENDA_IDENT=GEO_ASSETS,,,,,2024/09/24 01:30:43+00
-597897.609999999,-1159688.41,179,17510,Ponava,Hudebni klub,,https://www.ponava.cafe.cz,http://ponava.cafe/kultura/,Lužánecká,1883/3,produkce@ponava.cafe,739519650,,,,,Ne,Ano,,,,,,,https://gis.brno.cz/ost/filebox/ug_file.php?FILE_ID=181911&RECORD_ID=17510&AGENDA_IDENT=GEO_ASSETS,,,,,2024/09/24 01:30:43+00
-597860.850000001,-1160920.66,180,19931,Postpost gallery,Galerie,,,https://www.facebook.com/postpost.gall/events/?ref=page_internal,Orlí,22,gallerypostpost@gmail.com,,Postpost gallery,,,,Ne,Ano,,,,,,,https://gis.brno.cz/ost/filebox/ug_file.php?FILE_ID=189503&RECORD_ID=19931&AGENDA_IDENT=GEO_ASSETS,,,,,2024/09/24 01:30:43+00
-598433.449999999,-1160689.98,181,17605,Pražákův palác,Galerie,,https://www.moravska-galerie.cz,http://www.moravska-galerie.cz/moravska-galerie/vystavy-a-program/kalendar.aspx,Husova,535/18,info@moravska-galerie.cz,532169130,Pražák Palace,,24,Moravská galerie v Brně,Ano,Ano,,,,přístupné,accessible,https://gis.brno.cz/mapa/mapa-pristupnosti/?i=-598432.04:-1160687.86&c=-598432.04:-1160687.86,https://gis.brno.cz/ost/filebox/ug_file.php?FILE_ID=180630&RECORD_ID=17605&AGENDA_IDENT=GEO_ASSETS,,,,,2024/09/24 01:30:43+00
-597766.986499999,-1160610.8745,182,17595,Ratejna,Hudebni klub,,https://www.ratejna.cz/,http://ratejna.cz/#musicbar,Dvořákova,588/13,info@ratejna.cz,542210236,,,,,Ne,Ano,,,,,,,https://gis.brno.cz/ost/filebox/ug_file.php?FILE_ID=181936&RECORD_ID=17595&AGENDA_IDENT=GEO_ASSETS,,,,,2024/09/24 01:30:43+00
-598095.890000001,-1161097.64,183,17695,Reduta,Divadlo,,https://www.ndbrno.cz,http://www.ndbrno.cz/program?method=newProgram&params[buildings_group]=1&params[month]=10&params[year]=2020,Zelný trh,313/4,info@ndbrno.cz,542158111,Reduta - National Theatre Brno,,8,Národní­ divadlo Brno,Ano,Ano,,,,přístupné,accessible,https://gis.brno.cz/mapa/mapa-pristupnosti/?i=-598085.89:-1161096.24&c=-598085.89:-1161096.24,https://gis.brno.cz/ost/filebox/ug_file.php?FILE_ID=180647&RECORD_ID=17695&AGENDA_IDENT=GEO_ASSETS,,,,,2024/09/24 01:30:43+00
-598678.219999999,-1160502,184,35148,Rezidence Café Kaprál,Umělecká rezidence,,https://www.cafekapral.cz/,https://www.cafekapral.cz/#program,Údolní ,487/17,stranska@ticbrno.cz,,,,,TIC,,Ano,,,,,,,,,,,,2024/09/24 01:30:43+00
-598877.5306,-1159778.0603,185,17697,Rusty Nail Music Club,Hudebni klub,,https://www.rustynailclub.cz,https://bandzone.cz/klub/rustynail,Veveří,486/57,kozumplikr@seznam.cz,605260686,,,,,Ne,Ano,,,,,,,https://gis.brno.cz/ost/filebox/ug_file.php?FILE_ID=181937&RECORD_ID=17697&AGENDA_IDENT=GEO_ASSETS,,,,,2024/09/24 01:30:43+00
-598543.920000002,-1160346.44,186,17696,Sál Břetislava Bakaly,Kulturní centrum,,https://www.ticbrno.cz/sal-b-bakaly,,Žerotínovo náměstí,533/6,bbakaly@ticbrno.cz,542212405,Břetislav Bakala Hall,,,,Ne,Ano,,,,,,,https://gis.brno.cz/ost/filebox/ug_file.php?FILE_ID=181939&RECORD_ID=17696&AGENDA_IDENT=GEO_ASSETS,,,,,2024/09/24 01:30:43+00
-599189.699999999,-1161756.95,187,17667,Sál Milosrdných bratří,Koncertní hala,,https://sal.milosrdni.cz,http://sal.milosrdni.cz/koncerty-brno/,Vídeňská,228/7,sal@milosrdni.cz,773639638,Hall of the Merciful Brothers,,,,Ne,Ano,,,,,,,https://gis.brno.cz/ost/filebox/ug_file.php?FILE_ID=181943&RECORD_ID=17667&AGENDA_IDENT=GEO_ASSETS,,,,,2024/09/24 01:30:43+00
-598112.085200001,-1160463.5473,188,17531,Scalní letňák,Letní kino,pouze letní sezóna,https://www.kinoscala.cz/cz/cyklus/scalni-letnak-250,https://www.kinoscala.cz/cz/cyklus/scalni-letnak-251,Moravské náměstí,680/1,provoz@morgal.cz,736776728,,,,Univerzitní kino Scala,Ne,Ano,,,,,,,https://gis.brno.cz/ost/filebox/ug_file.php?FILE_ID=181944&RECORD_ID=17531&AGENDA_IDENT=GEO_ASSETS,,,,,2024/09/24 01:30:43+00
-598858.579999998,-1157058.57,189,17549,Semilasso,Koncertní hala,,https://www.semilasso.cz,https://semilasso.cz/akce/,Palackého třída,832/126,glanc@glanc.cz,774870321,Semilasso – Cultural Center,,32,,Ne,Ano,,,,přístupné,accessible,https://gis.brno.cz/mapa/mapa-pristupnosti/?i=-598857.07:-1157068.61&c=-598857.07:-1157068.61,https://gis.brno.cz/ost/filebox/ug_file.php?FILE_ID=180505&RECORD_ID=17549&AGENDA_IDENT=GEO_ASSETS,,,,,2024/09/24 01:30:43+00
-597627.4738,-1161233.1921,190,17479,"Schrott - industrial music bar, gallery",Podnik s kulturním programem,,https://www.schrott.cz,,Křenová,291/10,doschrottu@seznam.cz,606060145,,,,,Ne,Ano,,,,,,,https://gis.brno.cz/ost/filebox/ug_file.php?FILE_ID=181945&RECORD_ID=17479&AGENDA_IDENT=GEO_ASSETS,,,,,2024/09/24 01:30:43+00
-596085.68,-1159142.94,191,35145,Sibiř,Kulturní centrum,,biosibir.cz,,Dukelská,123/50,info@biosibir.cz,,,,,,,Ano,,,,,,,,,,,,2024/09/24 01:30:43+00
-598268.16,-1160235.8,192,17535,Skautský institut v Brně,Podnik s kulturním programem,,https://www.skautskyinstitut.cz/su-v-brne/,https://www.facebook.com/skautsky.institut/events/?ref=page_internal,Moravské náměstí,753/12,brno@skautskyinstitut.cz,733161207,Institute of Scouting in Brno,,,,Ne,Ano,,,,,,,https://gis.brno.cz/ost/filebox/ug_file.php?FILE_ID=181946&RECORD_ID=17535&AGENDA_IDENT=GEO_ASSETS,,,,,2024/09/24 01:30:43+00
-598319.379999999,-1160825.02,193,35152,Sklep pod Novou radnicí,Muzeum,Vstup Panenská ulice,https://www.ticbrno.cz/sklep-pod-novou-radnici,,Dominikánské nám.,196/1,sklep@ticbrno.cz,+420 724 842 237,,,,TIC,Ano,Ano,,,,,,,,,,,,2024/09/24 01:30:43+00
-599377.640900001,-1158996.784,194,17663,Sono Centrum,Koncertní hala,,https://www.sonocentrum.cz,https://www.sonomusicclub.cz/program/,Veveří,3219/113,pr@sonocentrum.cz,721770742,,,,,Ne,Ano,,,,,,,https://gis.brno.cz/ost/filebox/ug_file.php?FILE_ID=181948&RECORD_ID=17663&AGENDA_IDENT=GEO_ASSETS,,,,,2024/09/24 01:30:43+00
-603492.75,-1157049.79,195,17516,Společenské centrum Bystrc,Kulturní centrum,,https://www.bystrc.cz/kultura,http://bystrc.cz/kultura.html,Odbojářská,1127/2,tkadlecova@bystrc.cz,546224320,Social centre Bystrc,,,,Ne,Ano,,,,,,,https://gis.brno.cz/ost/filebox/ug_file.php?FILE_ID=181954&RECORD_ID=17516&AGENDA_IDENT=GEO_ASSETS,,,,,2024/09/24 01:30:43+00
-600061.199999999,-1155281.29,196,17483,Společenské centrum Sýpka,Kulturní centrum,,https://medlanky.cz/spolecenske-centrum-sypka/,https://medlanky.cz/spolecenske-centrum-sypka/akce-sypka/,Kytnerova,563/1,bradacova@medlanky.brno.cz,538706252,Social centre Sýpka,,,,Ne,Ano,,,,,,,https://gis.brno.cz/ost/filebox/ug_file.php?FILE_ID=181955&RECORD_ID=17483&AGENDA_IDENT=GEO_ASSETS,,,,,2024/09/24 01:30:43+00
-598277.960000001,-1159254.96,197,17640,Stará Pekárna,Hudebni klub,,https://www.starapekarna.cz,,Štefánikova,75/8,klubstarapekarna@gmail.com,773834538,The Old Bakery,,,,Ne,Ano,,,,,,,https://gis.brno.cz/ost/filebox/ug_file.php?FILE_ID=181956&RECORD_ID=17640&AGENDA_IDENT=GEO_ASSETS,,,,,2024/09/24 01:30:43+00
-597210.420000002,-1160352.75,198,17578,Stará tkalcovna,Hudebni klub,,https://www.stara-tkalcovna.cz,https://www.stara-tkalcovna.cz/program/akce,Bratislavská,234/52,restaurace@stara-tkalcovna.cz,515555515,The old weaving mill,,,,Ne,Ano,,,,,,,https://gis.brno.cz/ost/filebox/ug_file.php?FILE_ID=181957&RECORD_ID=17578&AGENDA_IDENT=GEO_ASSETS,,,,,2024/09/24 01:30:43+00
-597899.710000001,-1159899.68,199,17645,Strom Art Gallery,Galerie,,https://www.stromart.cz,http://www.stromart.cz/program--strom-art-gallery.html,třída Kpt. Jaroše,1944/31,galerie@stromart.cz,736626467,The Tree Art Gallery,,,,Ne,Ano,,,,,,,https://gis.brno.cz/ost/filebox/ug_file.php?FILE_ID=181958&RECORD_ID=17645&AGENDA_IDENT=GEO_ASSETS,,,,,2024/09/24 01:30:43+00
-598462.960000001,-1159517.1,200,17573,Studio Marta,Divadlo,,https://www.studiomarta.cz,http://www.studiomarta.cz/index.php?p=program,Bayerova,575/5,marta@jamu.cz,542591510,Studio Martha,,,,Ne,Ano,,,,,,,https://gis.brno.cz/ost/filebox/ug_file.php?FILE_ID=181959&RECORD_ID=17573&AGENDA_IDENT=GEO_ASSETS,,,,,2024/09/24 01:30:43+00
-598982.920000002,-1158701.86,201,17515,Šelepova No. 1,Hudebni klub,,https://www.selepka.cz,https://www.selepova.cz/aktualni-akce/,Šelepova,543/1,selepka@selepka.cz,771173368,Shelepova Street No. 1,,,,Ne,Ano,,,,,,,https://gis.brno.cz/ost/filebox/ug_file.php?FILE_ID=181960&RECORD_ID=17515&AGENDA_IDENT=GEO_ASSETS,,,,,2024/09/24 01:30:43+00
-597728.762400001,-1160791.9825,202,17684,Tabarin Club Brno,Hudebni klub,,https://www.facebook.com/TabarinClub/,https://www.facebook.com/TabarinClub/events/?ref=page_internal,Divadelní,603/3,,542212814,,,,,Ne,Ano,,,,,,,https://gis.brno.cz/ost/filebox/ug_file.php?FILE_ID=181962&RECORD_ID=17684&AGENDA_IDENT=GEO_ASSETS,,,,,2024/09/24 01:30:43+00
-600042.0449,-1157110.4226,203,17473,TechNest,Hub,,https://www.technest.cz/kontakt,,Technická,2935/23,ahoj@technest.cz,519810102,,,,,Ne,Ano,,,,,,,https://gis.brno.cz/ost/filebox/ug_file.php?FILE_ID=181963&RECORD_ID=17473&AGENDA_IDENT=GEO_ASSETS,,,,,2024/09/24 01:30:43+00
-599691.57,-1156893.99,204,17559,Technické muzeum v Brně,Muzeum,,http://www.technicalmuseum.cz/,http://www.technicalmuseum.cz/vystavy-a-akce/,Purkyňova,2950/105,info@technicalmuseum.cz,541421411,Technical Museum,,33,Technické muzeum v Brně,Ne,Ano,,,,přístupné,accessible,https://gis.brno.cz/mapa/mapa-pristupnosti/?i=-599662.67:-1156867.36&c=-599662.67:-1156867.36,https://gis.brno.cz/ost/filebox/ug_file.php?FILE_ID=180634&RECORD_ID=17559&AGENDA_IDENT=GEO_ASSETS,,,,,2024/09/24 01:30:43+00
-598207.640000001,-1161102.23,205,17585,Terén,Divadlo,,https://jasuteren.cz/,https://jasuteren.cz/program,Zelný trh,294/9,teren@ced-brno.cz,604406191,Terrain,,,Centrum experimentální­ho divadla,Ne,Ano,,,,,,,https://gis.brno.cz/ost/filebox/ug_file.php?FILE_ID=181965&RECORD_ID=17585&AGENDA_IDENT=GEO_ASSETS,,,,,2024/09/24 01:30:43+00
-598966.0702,-1161030.7373,206,17552,The Distillery: Social Reactor,Podnik s kulturním programem,,https://www.socialreactor.eu,,Pekařská,436/78,www.socialreactor.eu,603219290,,,,,Ne,Ano,,,,,,,https://gis.brno.cz/ost/filebox/ug_file.php?FILE_ID=181967&RECORD_ID=17552&AGENDA_IDENT=GEO_ASSETS,,,,,2024/09/24 01:30:43+00
-598343.057300001,-1161076.407,207,17575,Two Faces,Hudebni klub,,https://www.twofaces.cz,,Biskupská,283/1,club@twofaces.cz,775960930,,,,,Ne,Ano,,,,,,,https://gis.brno.cz/ost/filebox/ug_file.php?FILE_ID=181968&RECORD_ID=17575&AGENDA_IDENT=GEO_ASSETS,,,,,2024/09/24 01:30:43+00
-598401.809999999,-1160814.31,208,17606,Uměleckoprůmyslové muzeum,Galerie,V rekonstrukci. Znovuotevření naplánováno na červen 2021,https://www.moravska-galerie.cz,http://www.moravska-galerie.cz/moravska-galerie/vystavy-a-program/kalendar.aspx,Husova,536/14,info@moravska-galerie.cz,532169130,Museum of Applied Arts,,27,Moravská galerie v Brně,Ano,Ano,,,,přístupné,accessible,https://gis.brno.cz/mapa/mapa-pristupnosti/?i=-598417.33:-1160817.66&c=-598417.33:-1160817.66,https://gis.brno.cz/ost/filebox/ug_file.php?FILE_ID=180622&RECORD_ID=17606&AGENDA_IDENT=GEO_ASSETS,,,,,2024/09/24 01:30:43+00
-598128.800000001,-1160503.33,209,17530,Univerzitní kino Scala,Kino,,https://www.kinoscala.cz,https://www.kinoscala.cz/cz/program,Moravské náměstí,127/3,info@kinoscala.cz,778448574,University Cinema Scala,,,Masarykova univerzita,Ne,Ano,,,,,,,https://gis.brno.cz/ost/filebox/ug_file.php?FILE_ID=181970&RECORD_ID=17530&AGENDA_IDENT=GEO_ASSETS,,,,,2024/09/24 01:30:43+00
-597799.760000002,-1160349.44,210,17626,U Palečka,Hudebni klub,,https://www.upalecka.wordpress.com,https://upalecka.wordpress.com/category/program/,Koliště,643/23,zivoupalecka@gmail.com,608030519,At the Thumbelina,,,,Ano,Ano,,,,,,,https://gis.brno.cz/ost/filebox/ug_file.php?FILE_ID=181971&RECORD_ID=17626&AGENDA_IDENT=GEO_ASSETS,,,,,2024/09/24 01:30:43+00
-598194.3748,-1161007.3703,211,17522,Urban centrum Brno,Ostatní,,https://www.urbancentrum.brno.cz,https://urbancentrum.brno.cz/vystavy/,Mečová,368/5,urbancentrum@brno.cz,778520752,,,,,Ano,Ano,,,,,,,https://gis.brno.cz/ost/filebox/ug_file.php?FILE_ID=181972&RECORD_ID=17522&AGENDA_IDENT=GEO_ASSETS,,,,,2024/09/24 01:30:43+00
-597672.469999999,-1160658.09,212,35048,Vašulka Kitchen Brno,Galerie,Center of New Media Art,https://vasulkakitchen.org ,,Malinovského nám. 2a ,602 00 Brno,info@vasulkakitchen.org ,,Vašulka Kitchen ,,,Dům umění­ města Brna,,Ano,,,,,,,https://gis.brno.cz/ost/filebox/ug_file.php?FILE_ID=264747&RECORD_ID=35048&AGENDA_IDENT=GEO_ASSETS,,,,,2024/09/24 01:30:43+00
-598495.371199999,-1160126.9372,213,17591,Vegalité,Hudebni klub,,https://vegalite.cz,http://vegalite.cz/#koncerty,Slovákova,359/10,jirina@vegalite.cz,737430552,,,,,Ano,Ano,,,,,,,https://gis.brno.cz/ost/filebox/ug_file.php?FILE_ID=181974&RECORD_ID=17591&AGENDA_IDENT=GEO_ASSETS,,,,,2024/09/24 01:30:43+00
-598317.519200001,-1161024.046,214,17636,Vibe Club,Hudebni klub,,https://www.facebook.com/VibeClubBrno,https://www.facebook.com/VibeClubBrno/events/?ref=page_internal,Starobrněnská,690/20,vibeclubbrno@gmail.com,725355237,,,,,Ano,Ano,,,,,,,https://gis.brno.cz/ost/filebox/ug_file.php?FILE_ID=181976&RECORD_ID=17636&AGENDA_IDENT=GEO_ASSETS,,,,,2024/09/24 01:30:43+00
-600010.390000001,-1161571.63,215,17489,VIDA! Science centrum,Ostatní,,https://www.vida.cz,https://vida.cz/program,Křížkovského,554/12,info@vida.cz,515201000,Vida! science centre Brno,,264,,Ano,Ano,,,,přístupné,accessible,https://gis.brno.cz/mapa/mapa-pristupnosti/?i=-599969.7:-1161516.4&c=-599969.7:-1161516.4,https://gis.brno.cz/ost/filebox/ug_file.php?FILE_ID=180498&RECORD_ID=17489&AGENDA_IDENT=GEO_ASSETS,,,,,2024/09/24 01:30:43+00
-597628.350000001,-1159588.01,216,17594,Vila Löw-Beer v Brně,Kulturní památka,,https://www.vilalowbeer.cz,https://www.vilalowbeer.cz/cz/kulturni-nabidka/prehled-udalosti/range.listevents/-,Drobného,297/22,vila@vila.muzeumbrnenska.cz,544544200,Villa Löw-Beer in Brno,,,Muzeum Brněnska,Ano,Ano,,,,,,,https://gis.brno.cz/ost/filebox/ug_file.php?FILE_ID=181977&RECORD_ID=17594&AGENDA_IDENT=GEO_ASSETS,,,,,2024/09/24 01:30:43+00
-600672.059999999,-1160282.23,217,17601,Vila Stiassni,Kulturní památka,,https://www.vila-stiassni.cz,https://www.vila-stiassni.cz/cs/informace-pro-navstevniky/prohlidkove-okruhy,Hroznová,82/14,vila@npu.cz,778545993,Villa Stiassni,,,,Ano,Ano,,,,,,,https://gis.brno.cz/ost/filebox/ug_file.php?FILE_ID=181978&RECORD_ID=17601&AGENDA_IDENT=GEO_ASSETS,,,,,2024/09/24 01:30:43+00
-597435.289999999,-1159486.24,218,17583,Vila Tugendhat,Kulturní památka,,https://www.tugendhat.eu,https://www.tugendhat.eu/aktualne/kalendar.html,Černopolní,237/45,info@tugendhat.eu,515511015,Villa Tugendhat,,288,Muzeum města Brna,Ano,Ano,,,,nepřístupné,inaccessible,https://gis.brno.cz/mapa/mapa-pristupnosti/?i=-597431.34:-1159485.02&c=-597431.34:-1159485.02,https://gis.brno.cz/ost/filebox/ug_file.php?FILE_ID=180605&RECORD_ID=17583&AGENDA_IDENT=GEO_ASSETS,,,,,2024/09/24 01:30:43+00
,,219,32467,Virtual Gallery Tržnice,Galerie,,https://www.press-photo.cz/virtual-gallery-trznice/,https://www.facebook.com/virtualgallerytrznice/events/?ref=page_internal,,,"
info.vgt@post.cz",,Virtual Gallery Tržnice,,,,Ne,Ano,,,,,,,,,,,,2024/09/24 01:30:43+00
-599426.350000001,-1160508.1,220,35155,Vodojemy Žlutý kopec,Kulturní památka,,https://vodojemybrno.cz/,,Tvrdého,506/15,vodojemy@ticbrno.cz,+420 77 156 148 ,,,,TIC,Ano,Ano,,,,,,,,,,,,2024/09/24 01:30:43+00
-600116.350000001,-1161370.3,221,17677,Výstaviště Brno,Výstaviště,,https://www.bvv.cz,https://www.bvv.cz/kalendar-veletrhu-a-vystav/,Výstaviště,405/1,info@bvv.cz,541151111,Brno Exhibition Centre,,,,Ano,Ano,,,,,,,https://gis.brno.cz/ost/filebox/ug_file.php?FILE_ID=181979&RECORD_ID=17677&AGENDA_IDENT=GEO_ASSETS,,,,,2024/09/24 01:30:43+00
-595296.77,-1157456.48,222,17490,Zahrada U Sosny,Hudebni klub,,https://www.usosny.cz/,https://www.usosny.cz/category/akce/,Břehová,0/90,usosny@seznam.cz,777681982,Garden At Sosny,,,,Ano,Ano,,,,,,,https://gis.brno.cz/ost/filebox/ug_file.php?FILE_ID=181980&RECORD_ID=17490&AGENDA_IDENT=GEO_ASSETS,,,,,2024/09/24 01:30:43+00
-593467.399099998,-1160827.6385,223,17644,Zetor Gallery,Galerie,,https://www.zetorgallery.cz,http://www.zetorgallery.cz/expozice.html,Trnkova,3060/111,pzemanova@zetor.com,737210548,,,,,Ano,Ano,,,,,,,https://gis.brno.cz/ost/filebox/ug_file.php?FILE_ID=181981&RECORD_ID=17644&AGENDA_IDENT=GEO_ASSETS,,,,,2024/09/24 01:30:43+00
-593466.469999999,-1160824.14,224,35153,ZET9,Kulturní centrum,"27 místností různé velikosti k užívání až na 3 roky.
Místnosti různých velikostí k výpůjčce pouze za náklady spojené s užíváním prostor.
Svobodný prostor pro tvorbu za paušální poplatky s možností vlastních úprav.
Smlouva o výpůjčce (max 3 roky do 2026).

ZET9 zkušebny a ateliéry jsou svobodné prostory sloužící pro podporu rozvoje kulturních a kreativních jedinců a skupin. Nespornou výhodou je možnost vlastních úprav prostoru bez požadavků na uvedení do původního stavu, protože objekt se bude v roce 2026 bourat. Dočasné i trvalé kreativní a umělecké intervence jsou naopak žádoucí. Další výhodou je dostupnost autem nebo MHD a výhodné umístění z hlediska nerušení okolí hlukem. Čtyřpodlažní objekt je připojen na elektřinu, vodu, místnosti různých velikostí jsou osvětleny a topí se v nich. Provozovatel TIC BRNO zajišťuje správu objektu a úklid společných prostor včetně WC a kuchyněk na chodbách.",https://www.ticbrno.cz/pronajem-prostor/zet9-zkusebny-ateliery,,Trnkova ,3060/111,pokorna@ticbrno.cz,+420 775 899 356,,,,TIC,,Ano,,,,,,,,,,,,2024/09/24 01:30:43+00
-597953.760000002,-1158856.66,225,17632,Zoner Bobyhall,Kulturní centrum,,https://www.bobyhall.cz,https://www.bobyhall.cz/program/,Sportovní,559/2,krejci@bobyhall.cz,732665397,,,,,Ano,Ano,,,,,,,https://gis.brno.cz/ost/filebox/ug_file.php?FILE_ID=181984&RECORD_ID=17632&AGENDA_IDENT=GEO_ASSETS,,,,,2024/09/24 01:30:43+00
-603146.644200001,-1156299.1798,226,17649,Zoo Brno,Ostatní,,https://www.zoobrno.cz,https://www.zoobrno.cz/pro-navstevniky/akce-v-zoo-brno,U Zoologické zahrady,147/46,zoo@zoobrno.cz,546432311,,,,,Ano,Ano,,,,,,,https://gis.brno.cz/ost/filebox/ug_file.php?FILE_ID=181985&RECORD_ID=17649&AGENDA_IDENT=GEO_ASSETS,,,,,2024/09/24 01:30:43+00
-597878.607799999,-1161156.3681,227,17540,5D Cinema Maxim Brno - OC Letmo,Kino,,https://www.kino-5d.cz,https://www.kino-5d.cz/filmy/,Nádražní,681/2,info@kino-5d.cz,773003019,,,,,Ano,Ano,,,,,,,https://gis.brno.cz/ost/filebox/ug_file.php?FILE_ID=181986&RECORD_ID=17540&AGENDA_IDENT=GEO_ASSETS,,,,,2024/09/24 01:30:43+00
-598040.969999999,-1160845.44,228,17691,7. nebe,Hudebni klub,,https://www.7nebe.cz,https://www.7nebe.cz/cs/program,Jánská,453/9,info@7nebe.cz,602518386,7th Heaven,,,,Ano,Ano,,,,,,,https://gis.brno.cz/ost/filebox/ug_file.php?FILE_ID=181987&RECORD_ID=17691&AGENDA_IDENT=GEO_ASSETS,,,,,2024/09/24 01:30:43+00
